-- Active: 1735344807906@@127.0.0.1@5432@lochops
-- Export from Blender for Hospital: DalalJam
-- Generated by blender_export.py
BEGIN;

-- Hospital: DalalJam
INSERT INTO "Hospital" (name, address, boundary) VALUES ('DalalJam', 'Dakar, Senegal', NULL);

-- Building: Main
INSERT INTO "building" (code, default_name, hospital_id) VALUES ('B1', 'Batiment Principal', (SELECT id FROM "Hospital" WHERE name = 'DalalJam' LIMIT 1));

-- Floors
INSERT INTO "Floor" (level_index, name, building_id) VALUES (1, 'Etage 1', (SELECT id FROM "Building" WHERE code = 'B1' LIMIT 1));

-- Navigation Graph (Object: Reseau_Navigation)
-- NavNodes
INSERT INTO "NavNode" (geom, floor_id, kind) VALUES (ST_SetSRID(ST_MakePoint(-2.725, 4.949, 1.704), 4326), (SELECT id FROM "Floor" WHERE level_index = 1 LIMIT 1), 'connector');
INSERT INTO "NavNode" (geom, floor_id, kind) VALUES (ST_SetSRID(ST_MakePoint(-0.003, 0.001, 1.704), 4326), (SELECT id FROM "Floor" WHERE level_index = 1 LIMIT 1), 'connector');
INSERT INTO "NavNode" (geom, floor_id, kind) VALUES (ST_SetSRID(ST_MakePoint(-2.725, 0.001, 1.704), 4326), (SELECT id FROM "Floor" WHERE level_index = 1 LIMIT 1), 'connector');
INSERT INTO "NavNode" (geom, floor_id, kind) VALUES (ST_SetSRID(ST_MakePoint(-1.147, 0.001, 1.704), 4326), (SELECT id FROM "Floor" WHERE level_index = 1 LIMIT 1), 'connector');
INSERT INTO "NavNode" (geom, floor_id, kind) VALUES (ST_SetSRID(ST_MakePoint(-12.123, 4.949, 1.704), 4326), (SELECT id FROM "Floor" WHERE level_index = 1 LIMIT 1), 'connector');
INSERT INTO "NavNode" (geom, floor_id, kind) VALUES (ST_SetSRID(ST_MakePoint(-1.147, 6.759, 1.704), 4326), (SELECT id FROM "Floor" WHERE level_index = 1 LIMIT 1), 'connector');
INSERT INTO "NavNode" (geom, floor_id, kind) VALUES (ST_SetSRID(ST_MakePoint(-1.147, 25.088, 1.704), 4326), (SELECT id FROM "Floor" WHERE level_index = 1 LIMIT 1), 'connector');
INSERT INTO "NavNode" (geom, floor_id, kind) VALUES (ST_SetSRID(ST_MakePoint(-23.219, 4.949, 1.704), 4326), (SELECT id FROM "Floor" WHERE level_index = 1 LIMIT 1), 'connector');
INSERT INTO "NavNode" (geom, floor_id, kind) VALUES (ST_SetSRID(ST_MakePoint(-26.722, 45.144, 1.704), 4326), (SELECT id FROM "Floor" WHERE level_index = 1 LIMIT 1), 'connector');
INSERT INTO "NavNode" (geom, floor_id, kind) VALUES (ST_SetSRID(ST_MakePoint(-55.744, 45.144, 1.704), 4326), (SELECT id FROM "Floor" WHERE level_index = 1 LIMIT 1), 'connector');
INSERT INTO "NavNode" (geom, floor_id, kind) VALUES (ST_SetSRID(ST_MakePoint(-1.147, 33.059, 1.704), 4326), (SELECT id FROM "Floor" WHERE level_index = 1 LIMIT 1), 'connector');
INSERT INTO "NavNode" (geom, floor_id, kind) VALUES (ST_SetSRID(ST_MakePoint(-2.604, 25.088, 1.704), 4326), (SELECT id FROM "Floor" WHERE level_index = 1 LIMIT 1), 'connector');
INSERT INTO "NavNode" (geom, floor_id, kind) VALUES (ST_SetSRID(ST_MakePoint(-2.617, 33.059, 1.704), 4326), (SELECT id FROM "Floor" WHERE level_index = 1 LIMIT 1), 'connector');
INSERT INTO "NavNode" (geom, floor_id, kind) VALUES (ST_SetSRID(ST_MakePoint(-1.147, 45.144, 1.704), 4326), (SELECT id FROM "Floor" WHERE level_index = 1 LIMIT 1), 'connector');
INSERT INTO "NavNode" (geom, floor_id, kind) VALUES (ST_SetSRID(ST_MakePoint(-19.749, 45.144, 1.704), 4326), (SELECT id FROM "Floor" WHERE level_index = 1 LIMIT 1), 'connector');
INSERT INTO "NavNode" (geom, floor_id, kind) VALUES (ST_SetSRID(ST_MakePoint(-19.749, 42.766, 1.704), 4326), (SELECT id FROM "Floor" WHERE level_index = 1 LIMIT 1), 'connector');
INSERT INTO "NavNode" (geom, floor_id, kind) VALUES (ST_SetSRID(ST_MakePoint(-26.722, 42.712, 1.704), 4326), (SELECT id FROM "Floor" WHERE level_index = 1 LIMIT 1), 'connector');
INSERT INTO "NavNode" (geom, floor_id, kind) VALUES (ST_SetSRID(ST_MakePoint(-88.165, 45.144, 1.704), 4326), (SELECT id FROM "Floor" WHERE level_index = 1 LIMIT 1), 'connector');
INSERT INTO "NavNode" (geom, floor_id, kind) VALUES (ST_SetSRID(ST_MakePoint(-55.744, 42.595, 1.704), 4326), (SELECT id FROM "Floor" WHERE level_index = 1 LIMIT 1), 'connector');
INSERT INTO "NavNode" (geom, floor_id, kind) VALUES (ST_SetSRID(ST_MakePoint(-115.910, 45.144, 1.704), 4326), (SELECT id FROM "Floor" WHERE level_index = 1 LIMIT 1), 'connector');
INSERT INTO "NavNode" (geom, floor_id, kind) VALUES (ST_SetSRID(ST_MakePoint(-88.165, 42.681, 1.704), 4326), (SELECT id FROM "Floor" WHERE level_index = 1 LIMIT 1), 'connector');
INSERT INTO "NavNode" (geom, floor_id, kind) VALUES (ST_SetSRID(ST_MakePoint(-75.464, 4.949, 1.704), 4326), (SELECT id FROM "Floor" WHERE level_index = 1 LIMIT 1), 'connector');
INSERT INTO "NavNode" (geom, floor_id, kind) VALUES (ST_SetSRID(ST_MakePoint(-88.181, 4.949, 1.704), 4326), (SELECT id FROM "Floor" WHERE level_index = 1 LIMIT 1), 'connector');
INSERT INTO "NavNode" (geom, floor_id, kind) VALUES (ST_SetSRID(ST_MakePoint(-120.690, 4.949, 1.704), 4326), (SELECT id FROM "Floor" WHERE level_index = 1 LIMIT 1), 'connector');
INSERT INTO "NavNode" (geom, floor_id, kind) VALUES (ST_SetSRID(ST_MakePoint(-88.181, 14.093, 1.704), 4326), (SELECT id FROM "Floor" WHERE level_index = 1 LIMIT 1), 'connector');
INSERT INTO "NavNode" (geom, floor_id, kind) VALUES (ST_SetSRID(ST_MakePoint(-120.690, 7.436, 1.704), 4326), (SELECT id FROM "Floor" WHERE level_index = 1 LIMIT 1), 'connector');
INSERT INTO "NavNode" (geom, floor_id, kind) VALUES (ST_SetSRID(ST_MakePoint(-100.857, 4.949, 1.704), 4326), (SELECT id FROM "Floor" WHERE level_index = 1 LIMIT 1), 'connector');
INSERT INTO "NavNode" (geom, floor_id, kind) VALUES (ST_SetSRID(ST_MakePoint(-55.747, 12.930, 1.704), 4326), (SELECT id FROM "Floor" WHERE level_index = 1 LIMIT 1), 'connector');
INSERT INTO "NavNode" (geom, floor_id, kind) VALUES (ST_SetSRID(ST_MakePoint(-55.747, 25.378, 1.704), 4326), (SELECT id FROM "Floor" WHERE level_index = 1 LIMIT 1), 'connector');
INSERT INTO "NavNode" (geom, floor_id, kind) VALUES (ST_SetSRID(ST_MakePoint(-64.891, 12.930, 1.704), 4326), (SELECT id FROM "Floor" WHERE level_index = 1 LIMIT 1), 'connector');
INSERT INTO "NavNode" (geom, floor_id, kind) VALUES (ST_SetSRID(ST_MakePoint(-86.986, 12.930, 1.704), 4326), (SELECT id FROM "Floor" WHERE level_index = 1 LIMIT 1), 'connector');
INSERT INTO "NavNode" (geom, floor_id, kind) VALUES (ST_SetSRID(ST_MakePoint(-89.327, 12.930, 1.704), 4326), (SELECT id FROM "Floor" WHERE level_index = 1 LIMIT 1), 'connector');
INSERT INTO "NavNode" (geom, floor_id, kind) VALUES (ST_SetSRID(ST_MakePoint(-110.312, 12.930, 1.704), 4326), (SELECT id FROM "Floor" WHERE level_index = 1 LIMIT 1), 'connector');
INSERT INTO "NavNode" (geom, floor_id, kind) VALUES (ST_SetSRID(ST_MakePoint(-115.968, 12.930, 1.704), 4326), (SELECT id FROM "Floor" WHERE level_index = 1 LIMIT 1), 'connector');
INSERT INTO "NavNode" (geom, floor_id, kind) VALUES (ST_SetSRID(ST_MakePoint(-12.123, -16.063, 1.704), 4326), (SELECT id FROM "Floor" WHERE level_index = 1 LIMIT 1), 'connector');
INSERT INTO "NavNode" (geom, floor_id, kind) VALUES (ST_SetSRID(ST_MakePoint(-115.968, 11.275, 1.704), 4326), (SELECT id FROM "Floor" WHERE level_index = 1 LIMIT 1), 'connector');
INSERT INTO "NavNode" (geom, floor_id, kind) VALUES (ST_SetSRID(ST_MakePoint(-12.123, -32.382, 1.704), 4326), (SELECT id FROM "Floor" WHERE level_index = 1 LIMIT 1), 'connector');
INSERT INTO "NavNode" (geom, floor_id, kind) VALUES (ST_SetSRID(ST_MakePoint(-12.123, -50.340, 1.704), 4326), (SELECT id FROM "Floor" WHERE level_index = 1 LIMIT 1), 'connector');
INSERT INTO "NavNode" (geom, floor_id, kind) VALUES (ST_SetSRID(ST_MakePoint(-12.123, -51.756, 1.704), 4326), (SELECT id FROM "Floor" WHERE level_index = 1 LIMIT 1), 'connector');
INSERT INTO "NavNode" (geom, floor_id, kind) VALUES (ST_SetSRID(ST_MakePoint(-35.973, -51.756, 1.704), 4326), (SELECT id FROM "Floor" WHERE level_index = 1 LIMIT 1), 'connector');
INSERT INTO "NavNode" (geom, floor_id, kind) VALUES (ST_SetSRID(ST_MakePoint(-43.040, -51.756, 1.704), 4326), (SELECT id FROM "Floor" WHERE level_index = 1 LIMIT 1), 'connector');
INSERT INTO "NavNode" (geom, floor_id, kind) VALUES (ST_SetSRID(ST_MakePoint(-68.452, -51.756, 1.704), 4326), (SELECT id FROM "Floor" WHERE level_index = 1 LIMIT 1), 'connector');
INSERT INTO "NavNode" (geom, floor_id, kind) VALUES (ST_SetSRID(ST_MakePoint(-75.546, -51.756, 1.704), 4326), (SELECT id FROM "Floor" WHERE level_index = 1 LIMIT 1), 'connector');
INSERT INTO "NavNode" (geom, floor_id, kind) VALUES (ST_SetSRID(ST_MakePoint(-100.988, -51.756, 1.704), 4326), (SELECT id FROM "Floor" WHERE level_index = 1 LIMIT 1), 'connector');
INSERT INTO "NavNode" (geom, floor_id, kind) VALUES (ST_SetSRID(ST_MakePoint(-108.064, -51.756, 1.704), 4326), (SELECT id FROM "Floor" WHERE level_index = 1 LIMIT 1), 'connector');
INSERT INTO "NavNode" (geom, floor_id, kind) VALUES (ST_SetSRID(ST_MakePoint(-108.064, -49.492, 1.704), 4326), (SELECT id FROM "Floor" WHERE level_index = 1 LIMIT 1), 'connector');
INSERT INTO "NavNode" (geom, floor_id, kind) VALUES (ST_SetSRID(ST_MakePoint(-100.988, -49.381, 1.704), 4326), (SELECT id FROM "Floor" WHERE level_index = 1 LIMIT 1), 'connector');
INSERT INTO "NavNode" (geom, floor_id, kind) VALUES (ST_SetSRID(ST_MakePoint(-75.546, -49.381, 1.704), 4326), (SELECT id FROM "Floor" WHERE level_index = 1 LIMIT 1), 'connector');
INSERT INTO "NavNode" (geom, floor_id, kind) VALUES (ST_SetSRID(ST_MakePoint(-68.452, -49.325, 1.704), 4326), (SELECT id FROM "Floor" WHERE level_index = 1 LIMIT 1), 'connector');
INSERT INTO "NavNode" (geom, floor_id, kind) VALUES (ST_SetSRID(ST_MakePoint(-43.040, -40.693, 1.704), 4326), (SELECT id FROM "Floor" WHERE level_index = 1 LIMIT 1), 'connector');
INSERT INTO "NavNode" (geom, floor_id, kind) VALUES (ST_SetSRID(ST_MakePoint(-35.973, -40.789, 1.704), 4326), (SELECT id FROM "Floor" WHERE level_index = 1 LIMIT 1), 'connector');
INSERT INTO "NavNode" (geom, floor_id, kind) VALUES (ST_SetSRID(ST_MakePoint(-107.948, 4.949, 1.704), 4326), (SELECT id FROM "Floor" WHERE level_index = 1 LIMIT 1), 'connector');
INSERT INTO "NavNode" (geom, floor_id, kind) VALUES (ST_SetSRID(ST_MakePoint(-107.948, -1.246, 1.704), 4326), (SELECT id FROM "Floor" WHERE level_index = 1 LIMIT 1), 'connector');
INSERT INTO "NavNode" (geom, floor_id, kind) VALUES (ST_SetSRID(ST_MakePoint(-100.857, -1.470, 1.704), 4326), (SELECT id FROM "Floor" WHERE level_index = 1 LIMIT 1), 'connector');
INSERT INTO "NavNode" (geom, floor_id, kind) VALUES (ST_SetSRID(ST_MakePoint(-55.747, 4.949, 1.704), 4326), (SELECT id FROM "Floor" WHERE level_index = 1 LIMIT 1), 'connector');
INSERT INTO "NavNode" (geom, floor_id, kind) VALUES (ST_SetSRID(ST_MakePoint(-55.747, 4.949, 1.704), 4326), (SELECT id FROM "Floor" WHERE level_index = 1 LIMIT 1), 'connector');
INSERT INTO "NavNode" (geom, floor_id, kind) VALUES (ST_SetSRID(ST_MakePoint(-68.430, 4.949, 1.704), 4326), (SELECT id FROM "Floor" WHERE level_index = 1 LIMIT 1), 'connector');
INSERT INTO "NavNode" (geom, floor_id, kind) VALUES (ST_SetSRID(ST_MakePoint(-75.464, -1.371, 1.704), 4326), (SELECT id FROM "Floor" WHERE level_index = 1 LIMIT 1), 'connector');
INSERT INTO "NavNode" (geom, floor_id, kind) VALUES (ST_SetSRID(ST_MakePoint(-68.430, -1.276, 1.704), 4326), (SELECT id FROM "Floor" WHERE level_index = 1 LIMIT 1), 'connector');
INSERT INTO "NavNode" (geom, floor_id, kind) VALUES (ST_SetSRID(ST_MakePoint(-35.966, 4.949, 1.704), 4326), (SELECT id FROM "Floor" WHERE level_index = 1 LIMIT 1), 'connector');
INSERT INTO "NavNode" (geom, floor_id, kind) VALUES (ST_SetSRID(ST_MakePoint(-42.982, 4.949, 1.704), 4326), (SELECT id FROM "Floor" WHERE level_index = 1 LIMIT 1), 'connector');
INSERT INTO "NavNode" (geom, floor_id, kind) VALUES (ST_SetSRID(ST_MakePoint(-42.982, -1.246, 1.704), 4326), (SELECT id FROM "Floor" WHERE level_index = 1 LIMIT 1), 'connector');
INSERT INTO "NavNode" (geom, floor_id, kind) VALUES (ST_SetSRID(ST_MakePoint(-35.966, -1.246, 1.704), 4326), (SELECT id FROM "Floor" WHERE level_index = 1 LIMIT 1), 'connector');
INSERT INTO "NavNode" (geom, floor_id, kind) VALUES (ST_SetSRID(ST_MakePoint(-23.219, 7.469, 1.704), 4326), (SELECT id FROM "Floor" WHERE level_index = 1 LIMIT 1), 'connector');
INSERT INTO "NavNode" (geom, floor_id, kind) VALUES (ST_SetSRID(ST_MakePoint(5.443, 0.001, 1.704), 4326), (SELECT id FROM "Floor" WHERE level_index = 1 LIMIT 1), 'connector');
INSERT INTO "NavNode" (geom, floor_id, kind) VALUES (ST_SetSRID(ST_MakePoint(5.443, 54.811, 1.704), 4326), (SELECT id FROM "Floor" WHERE level_index = 1 LIMIT 1), 'connector');
INSERT INTO "NavNode" (geom, floor_id, kind) VALUES (ST_SetSRID(ST_MakePoint(-99.766, 54.811, 1.704), 4326), (SELECT id FROM "Floor" WHERE level_index = 1 LIMIT 1), 'connector');
INSERT INTO "NavNode" (geom, floor_id, kind) VALUES (ST_SetSRID(ST_MakePoint(-99.766, 65.838, 1.704), 4326), (SELECT id FROM "Floor" WHERE level_index = 1 LIMIT 1), 'connector');
INSERT INTO "NavNode" (geom, floor_id, kind) VALUES (ST_SetSRID(ST_MakePoint(-140.231, 65.838, 1.704), 4326), (SELECT id FROM "Floor" WHERE level_index = 1 LIMIT 1), 'connector');
INSERT INTO "NavNode" (geom, floor_id, kind) VALUES (ST_SetSRID(ST_MakePoint(-140.231, 23.926, 1.704), 4326), (SELECT id FROM "Floor" WHERE level_index = 1 LIMIT 1), 'connector');

-- NavEdges
INSERT INTO "NavEdge" (node_from_id, node_to_id, length_m, geom, is_accessible) VALUES ((SELECT id FROM "NavNode" WHERE geom = ST_SetSRID(ST_MakePoint(-2.725, 4.949, 1.704), 4326) LIMIT 1), (SELECT id FROM "NavNode" WHERE geom = ST_SetSRID(ST_MakePoint(-12.123, 4.949, 1.704), 4326) LIMIT 1), 9.398, ST_SetSRID(ST_GeomFromText('LINESTRINGZ(-2.725 4.949 1.704, -12.123 4.949 1.704)'), 4326), true);
INSERT INTO "NavEdge" (node_from_id, node_to_id, length_m, geom, is_accessible) VALUES ((SELECT id FROM "NavNode" WHERE geom = ST_SetSRID(ST_MakePoint(-2.725, 0.001, 1.704), 4326) LIMIT 1), (SELECT id FROM "NavNode" WHERE geom = ST_SetSRID(ST_MakePoint(-2.725, 4.949, 1.704), 4326) LIMIT 1), 4.949, ST_SetSRID(ST_GeomFromText('LINESTRINGZ(-2.725 0.001 1.704, -2.725 4.949 1.704)'), 4326), true);
INSERT INTO "NavEdge" (node_from_id, node_to_id, length_m, geom, is_accessible) VALUES ((SELECT id FROM "NavNode" WHERE geom = ST_SetSRID(ST_MakePoint(-0.003, 0.001, 1.704), 4326) LIMIT 1), (SELECT id FROM "NavNode" WHERE geom = ST_SetSRID(ST_MakePoint(-1.147, 0.001, 1.704), 4326) LIMIT 1), 1.144, ST_SetSRID(ST_GeomFromText('LINESTRINGZ(-0.003 0.001 1.704, -1.147 0.001 1.704)'), 4326), true);
INSERT INTO "NavEdge" (node_from_id, node_to_id, length_m, geom, is_accessible) VALUES ((SELECT id FROM "NavNode" WHERE geom = ST_SetSRID(ST_MakePoint(-1.147, 0.001, 1.704), 4326) LIMIT 1), (SELECT id FROM "NavNode" WHERE geom = ST_SetSRID(ST_MakePoint(-2.725, 0.001, 1.704), 4326) LIMIT 1), 1.577, ST_SetSRID(ST_GeomFromText('LINESTRINGZ(-1.147 0.001 1.704, -2.725 0.001 1.704)'), 4326), true);
INSERT INTO "NavEdge" (node_from_id, node_to_id, length_m, geom, is_accessible) VALUES ((SELECT id FROM "NavNode" WHERE geom = ST_SetSRID(ST_MakePoint(-1.147, 0.001, 1.704), 4326) LIMIT 1), (SELECT id FROM "NavNode" WHERE geom = ST_SetSRID(ST_MakePoint(-1.147, 6.759, 1.704), 4326) LIMIT 1), 6.758, ST_SetSRID(ST_GeomFromText('LINESTRINGZ(-1.147 0.001 1.704, -1.147 6.759 1.704)'), 4326), true);
INSERT INTO "NavEdge" (node_from_id, node_to_id, length_m, geom, is_accessible) VALUES ((SELECT id FROM "NavNode" WHERE geom = ST_SetSRID(ST_MakePoint(-1.147, 6.759, 1.704), 4326) LIMIT 1), (SELECT id FROM "NavNode" WHERE geom = ST_SetSRID(ST_MakePoint(-1.147, 25.088, 1.704), 4326) LIMIT 1), 18.329, ST_SetSRID(ST_GeomFromText('LINESTRINGZ(-1.147 6.759 1.704, -1.147 25.088 1.704)'), 4326), true);
INSERT INTO "NavEdge" (node_from_id, node_to_id, length_m, geom, is_accessible) VALUES ((SELECT id FROM "NavNode" WHERE geom = ST_SetSRID(ST_MakePoint(-12.123, 4.949, 1.704), 4326) LIMIT 1), (SELECT id FROM "NavNode" WHERE geom = ST_SetSRID(ST_MakePoint(-23.219, 4.949, 1.704), 4326) LIMIT 1), 11.096, ST_SetSRID(ST_GeomFromText('LINESTRINGZ(-12.123 4.949 1.704, -23.219 4.949 1.704)'), 4326), true);
INSERT INTO "NavEdge" (node_from_id, node_to_id, length_m, geom, is_accessible) VALUES ((SELECT id FROM "NavNode" WHERE geom = ST_SetSRID(ST_MakePoint(-1.147, 25.088, 1.704), 4326) LIMIT 1), (SELECT id FROM "NavNode" WHERE geom = ST_SetSRID(ST_MakePoint(-1.147, 33.059, 1.704), 4326) LIMIT 1), 7.971, ST_SetSRID(ST_GeomFromText('LINESTRINGZ(-1.147 25.088 1.704, -1.147 33.059 1.704)'), 4326), true);
INSERT INTO "NavEdge" (node_from_id, node_to_id, length_m, geom, is_accessible) VALUES ((SELECT id FROM "NavNode" WHERE geom = ST_SetSRID(ST_MakePoint(-19.749, 45.144, 1.704), 4326) LIMIT 1), (SELECT id FROM "NavNode" WHERE geom = ST_SetSRID(ST_MakePoint(-26.722, 45.144, 1.704), 4326) LIMIT 1), 6.973, ST_SetSRID(ST_GeomFromText('LINESTRINGZ(-19.749 45.144 1.704, -26.722 45.144 1.704)'), 4326), true);
INSERT INTO "NavEdge" (node_from_id, node_to_id, length_m, geom, is_accessible) VALUES ((SELECT id FROM "NavNode" WHERE geom = ST_SetSRID(ST_MakePoint(-1.147, 33.059, 1.704), 4326) LIMIT 1), (SELECT id FROM "NavNode" WHERE geom = ST_SetSRID(ST_MakePoint(-1.147, 45.144, 1.704), 4326) LIMIT 1), 12.085, ST_SetSRID(ST_GeomFromText('LINESTRINGZ(-1.147 33.059 1.704, -1.147 45.144 1.704)'), 4326), true);
INSERT INTO "NavEdge" (node_from_id, node_to_id, length_m, geom, is_accessible) VALUES ((SELECT id FROM "NavNode" WHERE geom = ST_SetSRID(ST_MakePoint(-1.147, 25.088, 1.704), 4326) LIMIT 1), (SELECT id FROM "NavNode" WHERE geom = ST_SetSRID(ST_MakePoint(-2.604, 25.088, 1.704), 4326) LIMIT 1), 1.456, ST_SetSRID(ST_GeomFromText('LINESTRINGZ(-1.147 25.088 1.704, -2.604 25.088 1.704)'), 4326), true);
INSERT INTO "NavEdge" (node_from_id, node_to_id, length_m, geom, is_accessible) VALUES ((SELECT id FROM "NavNode" WHERE geom = ST_SetSRID(ST_MakePoint(-1.147, 33.059, 1.704), 4326) LIMIT 1), (SELECT id FROM "NavNode" WHERE geom = ST_SetSRID(ST_MakePoint(-2.617, 33.059, 1.704), 4326) LIMIT 1), 1.470, ST_SetSRID(ST_GeomFromText('LINESTRINGZ(-1.147 33.059 1.704, -2.617 33.059 1.704)'), 4326), true);
INSERT INTO "NavEdge" (node_from_id, node_to_id, length_m, geom, is_accessible) VALUES ((SELECT id FROM "NavNode" WHERE geom = ST_SetSRID(ST_MakePoint(-1.147, 45.144, 1.704), 4326) LIMIT 1), (SELECT id FROM "NavNode" WHERE geom = ST_SetSRID(ST_MakePoint(-19.749, 45.144, 1.704), 4326) LIMIT 1), 18.601, ST_SetSRID(ST_GeomFromText('LINESTRINGZ(-1.147 45.144 1.704, -19.749 45.144 1.704)'), 4326), true);
INSERT INTO "NavEdge" (node_from_id, node_to_id, length_m, geom, is_accessible) VALUES ((SELECT id FROM "NavNode" WHERE geom = ST_SetSRID(ST_MakePoint(-26.722, 45.144, 1.704), 4326) LIMIT 1), (SELECT id FROM "NavNode" WHERE geom = ST_SetSRID(ST_MakePoint(-55.744, 45.144, 1.704), 4326) LIMIT 1), 29.022, ST_SetSRID(ST_GeomFromText('LINESTRINGZ(-26.722 45.144 1.704, -55.744 45.144 1.704)'), 4326), true);
INSERT INTO "NavEdge" (node_from_id, node_to_id, length_m, geom, is_accessible) VALUES ((SELECT id FROM "NavNode" WHERE geom = ST_SetSRID(ST_MakePoint(-19.749, 45.144, 1.704), 4326) LIMIT 1), (SELECT id FROM "NavNode" WHERE geom = ST_SetSRID(ST_MakePoint(-19.749, 42.766, 1.704), 4326) LIMIT 1), 2.378, ST_SetSRID(ST_GeomFromText('LINESTRINGZ(-19.749 45.144 1.704, -19.749 42.766 1.704)'), 4326), true);
INSERT INTO "NavEdge" (node_from_id, node_to_id, length_m, geom, is_accessible) VALUES ((SELECT id FROM "NavNode" WHERE geom = ST_SetSRID(ST_MakePoint(-26.722, 45.144, 1.704), 4326) LIMIT 1), (SELECT id FROM "NavNode" WHERE geom = ST_SetSRID(ST_MakePoint(-26.722, 42.712, 1.704), 4326) LIMIT 1), 2.432, ST_SetSRID(ST_GeomFromText('LINESTRINGZ(-26.722 45.144 1.704, -26.722 42.712 1.704)'), 4326), true);
INSERT INTO "NavEdge" (node_from_id, node_to_id, length_m, geom, is_accessible) VALUES ((SELECT id FROM "NavNode" WHERE geom = ST_SetSRID(ST_MakePoint(-55.744, 45.144, 1.704), 4326) LIMIT 1), (SELECT id FROM "NavNode" WHERE geom = ST_SetSRID(ST_MakePoint(-88.165, 45.144, 1.704), 4326) LIMIT 1), 32.421, ST_SetSRID(ST_GeomFromText('LINESTRINGZ(-55.744 45.144 1.704, -88.165 45.144 1.704)'), 4326), true);
INSERT INTO "NavEdge" (node_from_id, node_to_id, length_m, geom, is_accessible) VALUES ((SELECT id FROM "NavNode" WHERE geom = ST_SetSRID(ST_MakePoint(-55.744, 45.144, 1.704), 4326) LIMIT 1), (SELECT id FROM "NavNode" WHERE geom = ST_SetSRID(ST_MakePoint(-55.744, 42.595, 1.704), 4326) LIMIT 1), 2.549, ST_SetSRID(ST_GeomFromText('LINESTRINGZ(-55.744 45.144 1.704, -55.744 42.595 1.704)'), 4326), true);
INSERT INTO "NavEdge" (node_from_id, node_to_id, length_m, geom, is_accessible) VALUES ((SELECT id FROM "NavNode" WHERE geom = ST_SetSRID(ST_MakePoint(-88.165, 45.144, 1.704), 4326) LIMIT 1), (SELECT id FROM "NavNode" WHERE geom = ST_SetSRID(ST_MakePoint(-115.910, 45.144, 1.704), 4326) LIMIT 1), 27.745, ST_SetSRID(ST_GeomFromText('LINESTRINGZ(-88.165 45.144 1.704, -115.910 45.144 1.704)'), 4326), true);
INSERT INTO "NavEdge" (node_from_id, node_to_id, length_m, geom, is_accessible) VALUES ((SELECT id FROM "NavNode" WHERE geom = ST_SetSRID(ST_MakePoint(-88.165, 45.144, 1.704), 4326) LIMIT 1), (SELECT id FROM "NavNode" WHERE geom = ST_SetSRID(ST_MakePoint(-88.165, 42.681, 1.704), 4326) LIMIT 1), 2.463, ST_SetSRID(ST_GeomFromText('LINESTRINGZ(-88.165 45.144 1.704, -88.165 42.681 1.704)'), 4326), true);
INSERT INTO "NavEdge" (node_from_id, node_to_id, length_m, geom, is_accessible) VALUES ((SELECT id FROM "NavNode" WHERE geom = ST_SetSRID(ST_MakePoint(-23.219, 4.949, 1.704), 4326) LIMIT 1), (SELECT id FROM "NavNode" WHERE geom = ST_SetSRID(ST_MakePoint(-35.966, 4.949, 1.704), 4326) LIMIT 1), 12.747, ST_SetSRID(ST_GeomFromText('LINESTRINGZ(-23.219 4.949 1.704, -35.966 4.949 1.704)'), 4326), true);
INSERT INTO "NavEdge" (node_from_id, node_to_id, length_m, geom, is_accessible) VALUES ((SELECT id FROM "NavNode" WHERE geom = ST_SetSRID(ST_MakePoint(-75.464, 4.949, 1.704), 4326) LIMIT 1), (SELECT id FROM "NavNode" WHERE geom = ST_SetSRID(ST_MakePoint(-88.181, 4.949, 1.704), 4326) LIMIT 1), 12.717, ST_SetSRID(ST_GeomFromText('LINESTRINGZ(-75.464 4.949 1.704, -88.181 4.949 1.704)'), 4326), true);
INSERT INTO "NavEdge" (node_from_id, node_to_id, length_m, geom, is_accessible) VALUES ((SELECT id FROM "NavNode" WHERE geom = ST_SetSRID(ST_MakePoint(-88.181, 4.949, 1.704), 4326) LIMIT 1), (SELECT id FROM "NavNode" WHERE geom = ST_SetSRID(ST_MakePoint(-100.857, 4.949, 1.704), 4326) LIMIT 1), 12.676, ST_SetSRID(ST_GeomFromText('LINESTRINGZ(-88.181 4.949 1.704, -100.857 4.949 1.704)'), 4326), true);
INSERT INTO "NavEdge" (node_from_id, node_to_id, length_m, geom, is_accessible) VALUES ((SELECT id FROM "NavNode" WHERE geom = ST_SetSRID(ST_MakePoint(-88.181, 4.949, 1.704), 4326) LIMIT 1), (SELECT id FROM "NavNode" WHERE geom = ST_SetSRID(ST_MakePoint(-88.181, 14.093, 1.704), 4326) LIMIT 1), 9.143, ST_SetSRID(ST_GeomFromText('LINESTRINGZ(-88.181 4.949 1.704, -88.181 14.093 1.704)'), 4326), true);
INSERT INTO "NavEdge" (node_from_id, node_to_id, length_m, geom, is_accessible) VALUES ((SELECT id FROM "NavNode" WHERE geom = ST_SetSRID(ST_MakePoint(-120.690, 4.949, 1.704), 4326) LIMIT 1), (SELECT id FROM "NavNode" WHERE geom = ST_SetSRID(ST_MakePoint(-120.690, 7.436, 1.704), 4326) LIMIT 1), 2.487, ST_SetSRID(ST_GeomFromText('LINESTRINGZ(-120.690 4.949 1.704, -120.690 7.436 1.704)'), 4326), true);
INSERT INTO "NavEdge" (node_from_id, node_to_id, length_m, geom, is_accessible) VALUES ((SELECT id FROM "NavNode" WHERE geom = ST_SetSRID(ST_MakePoint(-55.747, 4.949, 1.704), 4326) LIMIT 1), (SELECT id FROM "NavNode" WHERE geom = ST_SetSRID(ST_MakePoint(-55.747, 12.930, 1.704), 4326) LIMIT 1), 7.981, ST_SetSRID(ST_GeomFromText('LINESTRINGZ(-55.747 4.949 1.704, -55.747 12.930 1.704)'), 4326), true);
INSERT INTO "NavEdge" (node_from_id, node_to_id, length_m, geom, is_accessible) VALUES ((SELECT id FROM "NavNode" WHERE geom = ST_SetSRID(ST_MakePoint(-55.747, 12.930, 1.704), 4326) LIMIT 1), (SELECT id FROM "NavNode" WHERE geom = ST_SetSRID(ST_MakePoint(-55.747, 25.378, 1.704), 4326) LIMIT 1), 12.448, ST_SetSRID(ST_GeomFromText('LINESTRINGZ(-55.747 12.930 1.704, -55.747 25.378 1.704)'), 4326), true);
INSERT INTO "NavEdge" (node_from_id, node_to_id, length_m, geom, is_accessible) VALUES ((SELECT id FROM "NavNode" WHERE geom = ST_SetSRID(ST_MakePoint(-55.747, 12.930, 1.704), 4326) LIMIT 1), (SELECT id FROM "NavNode" WHERE geom = ST_SetSRID(ST_MakePoint(-64.891, 12.930, 1.704), 4326) LIMIT 1), 9.145, ST_SetSRID(ST_GeomFromText('LINESTRINGZ(-55.747 12.930 1.704, -64.891 12.930 1.704)'), 4326), true);
INSERT INTO "NavEdge" (node_from_id, node_to_id, length_m, geom, is_accessible) VALUES ((SELECT id FROM "NavNode" WHERE geom = ST_SetSRID(ST_MakePoint(-64.891, 12.930, 1.704), 4326) LIMIT 1), (SELECT id FROM "NavNode" WHERE geom = ST_SetSRID(ST_MakePoint(-86.986, 12.930, 1.704), 4326) LIMIT 1), 22.095, ST_SetSRID(ST_GeomFromText('LINESTRINGZ(-64.891 12.930 1.704, -86.986 12.930 1.704)'), 4326), true);
INSERT INTO "NavEdge" (node_from_id, node_to_id, length_m, geom, is_accessible) VALUES ((SELECT id FROM "NavNode" WHERE geom = ST_SetSRID(ST_MakePoint(-86.986, 12.930, 1.704), 4326) LIMIT 1), (SELECT id FROM "NavNode" WHERE geom = ST_SetSRID(ST_MakePoint(-89.327, 12.930, 1.704), 4326) LIMIT 1), 2.341, ST_SetSRID(ST_GeomFromText('LINESTRINGZ(-86.986 12.930 1.704, -89.327 12.930 1.704)'), 4326), true);
INSERT INTO "NavEdge" (node_from_id, node_to_id, length_m, geom, is_accessible) VALUES ((SELECT id FROM "NavNode" WHERE geom = ST_SetSRID(ST_MakePoint(-89.327, 12.930, 1.704), 4326) LIMIT 1), (SELECT id FROM "NavNode" WHERE geom = ST_SetSRID(ST_MakePoint(-110.312, 12.930, 1.704), 4326) LIMIT 1), 20.985, ST_SetSRID(ST_GeomFromText('LINESTRINGZ(-89.327 12.930 1.704, -110.312 12.930 1.704)'), 4326), true);
INSERT INTO "NavEdge" (node_from_id, node_to_id, length_m, geom, is_accessible) VALUES ((SELECT id FROM "NavNode" WHERE geom = ST_SetSRID(ST_MakePoint(-110.312, 12.930, 1.704), 4326) LIMIT 1), (SELECT id FROM "NavNode" WHERE geom = ST_SetSRID(ST_MakePoint(-115.968, 12.930, 1.704), 4326) LIMIT 1), 5.657, ST_SetSRID(ST_GeomFromText('LINESTRINGZ(-110.312 12.930 1.704, -115.968 12.930 1.704)'), 4326), true);
INSERT INTO "NavEdge" (node_from_id, node_to_id, length_m, geom, is_accessible) VALUES ((SELECT id FROM "NavNode" WHERE geom = ST_SetSRID(ST_MakePoint(-12.123, 4.949, 1.704), 4326) LIMIT 1), (SELECT id FROM "NavNode" WHERE geom = ST_SetSRID(ST_MakePoint(-12.123, -16.063, 1.704), 4326) LIMIT 1), 21.013, ST_SetSRID(ST_GeomFromText('LINESTRINGZ(-12.123 4.949 1.704, -12.123 -16.063 1.704)'), 4326), true);
INSERT INTO "NavEdge" (node_from_id, node_to_id, length_m, geom, is_accessible) VALUES ((SELECT id FROM "NavNode" WHERE geom = ST_SetSRID(ST_MakePoint(-115.968, 12.930, 1.704), 4326) LIMIT 1), (SELECT id FROM "NavNode" WHERE geom = ST_SetSRID(ST_MakePoint(-115.968, 11.275, 1.704), 4326) LIMIT 1), 1.655, ST_SetSRID(ST_GeomFromText('LINESTRINGZ(-115.968 12.930 1.704, -115.968 11.275 1.704)'), 4326), true);
INSERT INTO "NavEdge" (node_from_id, node_to_id, length_m, geom, is_accessible) VALUES ((SELECT id FROM "NavNode" WHERE geom = ST_SetSRID(ST_MakePoint(-12.123, -16.063, 1.704), 4326) LIMIT 1), (SELECT id FROM "NavNode" WHERE geom = ST_SetSRID(ST_MakePoint(-12.123, -32.382, 1.704), 4326) LIMIT 1), 16.319, ST_SetSRID(ST_GeomFromText('LINESTRINGZ(-12.123 -16.063 1.704, -12.123 -32.382 1.704)'), 4326), true);
INSERT INTO "NavEdge" (node_from_id, node_to_id, length_m, geom, is_accessible) VALUES ((SELECT id FROM "NavNode" WHERE geom = ST_SetSRID(ST_MakePoint(-12.123, -32.382, 1.704), 4326) LIMIT 1), (SELECT id FROM "NavNode" WHERE geom = ST_SetSRID(ST_MakePoint(-12.123, -50.340, 1.704), 4326) LIMIT 1), 17.958, ST_SetSRID(ST_GeomFromText('LINESTRINGZ(-12.123 -32.382 1.704, -12.123 -50.340 1.704)'), 4326), true);
INSERT INTO "NavEdge" (node_from_id, node_to_id, length_m, geom, is_accessible) VALUES ((SELECT id FROM "NavNode" WHERE geom = ST_SetSRID(ST_MakePoint(-12.123, -50.340, 1.704), 4326) LIMIT 1), (SELECT id FROM "NavNode" WHERE geom = ST_SetSRID(ST_MakePoint(-12.123, -51.756, 1.704), 4326) LIMIT 1), 1.416, ST_SetSRID(ST_GeomFromText('LINESTRINGZ(-12.123 -50.340 1.704, -12.123 -51.756 1.704)'), 4326), true);
INSERT INTO "NavEdge" (node_from_id, node_to_id, length_m, geom, is_accessible) VALUES ((SELECT id FROM "NavNode" WHERE geom = ST_SetSRID(ST_MakePoint(-12.123, -51.756, 1.704), 4326) LIMIT 1), (SELECT id FROM "NavNode" WHERE geom = ST_SetSRID(ST_MakePoint(-35.973, -51.756, 1.704), 4326) LIMIT 1), 23.850, ST_SetSRID(ST_GeomFromText('LINESTRINGZ(-12.123 -51.756 1.704, -35.973 -51.756 1.704)'), 4326), true);
INSERT INTO "NavEdge" (node_from_id, node_to_id, length_m, geom, is_accessible) VALUES ((SELECT id FROM "NavNode" WHERE geom = ST_SetSRID(ST_MakePoint(-35.973, -51.756, 1.704), 4326) LIMIT 1), (SELECT id FROM "NavNode" WHERE geom = ST_SetSRID(ST_MakePoint(-43.040, -51.756, 1.704), 4326) LIMIT 1), 7.067, ST_SetSRID(ST_GeomFromText('LINESTRINGZ(-35.973 -51.756 1.704, -43.040 -51.756 1.704)'), 4326), true);
INSERT INTO "NavEdge" (node_from_id, node_to_id, length_m, geom, is_accessible) VALUES ((SELECT id FROM "NavNode" WHERE geom = ST_SetSRID(ST_MakePoint(-43.040, -51.756, 1.704), 4326) LIMIT 1), (SELECT id FROM "NavNode" WHERE geom = ST_SetSRID(ST_MakePoint(-68.452, -51.756, 1.704), 4326) LIMIT 1), 25.411, ST_SetSRID(ST_GeomFromText('LINESTRINGZ(-43.040 -51.756 1.704, -68.452 -51.756 1.704)'), 4326), true);
INSERT INTO "NavEdge" (node_from_id, node_to_id, length_m, geom, is_accessible) VALUES ((SELECT id FROM "NavNode" WHERE geom = ST_SetSRID(ST_MakePoint(-68.452, -51.756, 1.704), 4326) LIMIT 1), (SELECT id FROM "NavNode" WHERE geom = ST_SetSRID(ST_MakePoint(-75.546, -51.756, 1.704), 4326) LIMIT 1), 7.094, ST_SetSRID(ST_GeomFromText('LINESTRINGZ(-68.452 -51.756 1.704, -75.546 -51.756 1.704)'), 4326), true);
INSERT INTO "NavEdge" (node_from_id, node_to_id, length_m, geom, is_accessible) VALUES ((SELECT id FROM "NavNode" WHERE geom = ST_SetSRID(ST_MakePoint(-75.546, -51.756, 1.704), 4326) LIMIT 1), (SELECT id FROM "NavNode" WHERE geom = ST_SetSRID(ST_MakePoint(-100.988, -51.756, 1.704), 4326) LIMIT 1), 25.442, ST_SetSRID(ST_GeomFromText('LINESTRINGZ(-75.546 -51.756 1.704, -100.988 -51.756 1.704)'), 4326), true);
INSERT INTO "NavEdge" (node_from_id, node_to_id, length_m, geom, is_accessible) VALUES ((SELECT id FROM "NavNode" WHERE geom = ST_SetSRID(ST_MakePoint(-100.988, -51.756, 1.704), 4326) LIMIT 1), (SELECT id FROM "NavNode" WHERE geom = ST_SetSRID(ST_MakePoint(-108.064, -51.756, 1.704), 4326) LIMIT 1), 7.075, ST_SetSRID(ST_GeomFromText('LINESTRINGZ(-100.988 -51.756 1.704, -108.064 -51.756 1.704)'), 4326), true);
INSERT INTO "NavEdge" (node_from_id, node_to_id, length_m, geom, is_accessible) VALUES ((SELECT id FROM "NavNode" WHERE geom = ST_SetSRID(ST_MakePoint(-108.064, -51.756, 1.704), 4326) LIMIT 1), (SELECT id FROM "NavNode" WHERE geom = ST_SetSRID(ST_MakePoint(-108.064, -49.492, 1.704), 4326) LIMIT 1), 2.264, ST_SetSRID(ST_GeomFromText('LINESTRINGZ(-108.064 -51.756 1.704, -108.064 -49.492 1.704)'), 4326), true);
INSERT INTO "NavEdge" (node_from_id, node_to_id, length_m, geom, is_accessible) VALUES ((SELECT id FROM "NavNode" WHERE geom = ST_SetSRID(ST_MakePoint(-100.988, -51.756, 1.704), 4326) LIMIT 1), (SELECT id FROM "NavNode" WHERE geom = ST_SetSRID(ST_MakePoint(-100.988, -49.381, 1.704), 4326) LIMIT 1), 2.375, ST_SetSRID(ST_GeomFromText('LINESTRINGZ(-100.988 -51.756 1.704, -100.988 -49.381 1.704)'), 4326), true);
INSERT INTO "NavEdge" (node_from_id, node_to_id, length_m, geom, is_accessible) VALUES ((SELECT id FROM "NavNode" WHERE geom = ST_SetSRID(ST_MakePoint(-75.546, -51.756, 1.704), 4326) LIMIT 1), (SELECT id FROM "NavNode" WHERE geom = ST_SetSRID(ST_MakePoint(-75.546, -49.381, 1.704), 4326) LIMIT 1), 2.375, ST_SetSRID(ST_GeomFromText('LINESTRINGZ(-75.546 -51.756 1.704, -75.546 -49.381 1.704)'), 4326), true);
INSERT INTO "NavEdge" (node_from_id, node_to_id, length_m, geom, is_accessible) VALUES ((SELECT id FROM "NavNode" WHERE geom = ST_SetSRID(ST_MakePoint(-68.452, -51.756, 1.704), 4326) LIMIT 1), (SELECT id FROM "NavNode" WHERE geom = ST_SetSRID(ST_MakePoint(-68.452, -49.325, 1.704), 4326) LIMIT 1), 2.431, ST_SetSRID(ST_GeomFromText('LINESTRINGZ(-68.452 -51.756 1.704, -68.452 -49.325 1.704)'), 4326), true);
INSERT INTO "NavEdge" (node_from_id, node_to_id, length_m, geom, is_accessible) VALUES ((SELECT id FROM "NavNode" WHERE geom = ST_SetSRID(ST_MakePoint(-43.040, -51.756, 1.704), 4326) LIMIT 1), (SELECT id FROM "NavNode" WHERE geom = ST_SetSRID(ST_MakePoint(-43.040, -40.693, 1.704), 4326) LIMIT 1), 11.063, ST_SetSRID(ST_GeomFromText('LINESTRINGZ(-43.040 -51.756 1.704, -43.040 -40.693 1.704)'), 4326), true);
INSERT INTO "NavEdge" (node_from_id, node_to_id, length_m, geom, is_accessible) VALUES ((SELECT id FROM "NavNode" WHERE geom = ST_SetSRID(ST_MakePoint(-35.973, -51.756, 1.704), 4326) LIMIT 1), (SELECT id FROM "NavNode" WHERE geom = ST_SetSRID(ST_MakePoint(-35.973, -40.789, 1.704), 4326) LIMIT 1), 10.967, ST_SetSRID(ST_GeomFromText('LINESTRINGZ(-35.973 -51.756 1.704, -35.973 -40.789 1.704)'), 4326), true);
INSERT INTO "NavEdge" (node_from_id, node_to_id, length_m, geom, is_accessible) VALUES ((SELECT id FROM "NavNode" WHERE geom = ST_SetSRID(ST_MakePoint(-100.857, 4.949, 1.704), 4326) LIMIT 1), (SELECT id FROM "NavNode" WHERE geom = ST_SetSRID(ST_MakePoint(-107.948, 4.949, 1.704), 4326) LIMIT 1), 7.091, ST_SetSRID(ST_GeomFromText('LINESTRINGZ(-100.857 4.949 1.704, -107.948 4.949 1.704)'), 4326), true);
INSERT INTO "NavEdge" (node_from_id, node_to_id, length_m, geom, is_accessible) VALUES ((SELECT id FROM "NavNode" WHERE geom = ST_SetSRID(ST_MakePoint(-120.690, 4.949, 1.704), 4326) LIMIT 1), (SELECT id FROM "NavNode" WHERE geom = ST_SetSRID(ST_MakePoint(-107.948, 4.949, 1.704), 4326) LIMIT 1), 12.742, ST_SetSRID(ST_GeomFromText('LINESTRINGZ(-120.690 4.949 1.704, -107.948 4.949 1.704)'), 4326), true);
INSERT INTO "NavEdge" (node_from_id, node_to_id, length_m, geom, is_accessible) VALUES ((SELECT id FROM "NavNode" WHERE geom = ST_SetSRID(ST_MakePoint(-107.948, 4.949, 1.704), 4326) LIMIT 1), (SELECT id FROM "NavNode" WHERE geom = ST_SetSRID(ST_MakePoint(-107.948, -1.246, 1.704), 4326) LIMIT 1), 6.196, ST_SetSRID(ST_GeomFromText('LINESTRINGZ(-107.948 4.949 1.704, -107.948 -1.246 1.704)'), 4326), true);
INSERT INTO "NavEdge" (node_from_id, node_to_id, length_m, geom, is_accessible) VALUES ((SELECT id FROM "NavNode" WHERE geom = ST_SetSRID(ST_MakePoint(-100.857, 4.949, 1.704), 4326) LIMIT 1), (SELECT id FROM "NavNode" WHERE geom = ST_SetSRID(ST_MakePoint(-100.857, -1.470, 1.704), 4326) LIMIT 1), 6.419, ST_SetSRID(ST_GeomFromText('LINESTRINGZ(-100.857 4.949 1.704, -100.857 -1.470 1.704)'), 4326), true);
INSERT INTO "NavEdge" (node_from_id, node_to_id, length_m, geom, is_accessible) VALUES ((SELECT id FROM "NavNode" WHERE geom = ST_SetSRID(ST_MakePoint(-68.430, 4.949, 1.704), 4326) LIMIT 1), (SELECT id FROM "NavNode" WHERE geom = ST_SetSRID(ST_MakePoint(-75.464, 4.949, 1.704), 4326) LIMIT 1), 7.034, ST_SetSRID(ST_GeomFromText('LINESTRINGZ(-68.430 4.949 1.704, -75.464 4.949 1.704)'), 4326), true);
INSERT INTO "NavEdge" (node_from_id, node_to_id, length_m, geom, is_accessible) VALUES ((SELECT id FROM "NavNode" WHERE geom = ST_SetSRID(ST_MakePoint(-55.747, 4.949, 1.704), 4326) LIMIT 1), (SELECT id FROM "NavNode" WHERE geom = ST_SetSRID(ST_MakePoint(-68.430, 4.949, 1.704), 4326) LIMIT 1), 12.683, ST_SetSRID(ST_GeomFromText('LINESTRINGZ(-55.747 4.949 1.704, -68.430 4.949 1.704)'), 4326), true);
INSERT INTO "NavEdge" (node_from_id, node_to_id, length_m, geom, is_accessible) VALUES ((SELECT id FROM "NavNode" WHERE geom = ST_SetSRID(ST_MakePoint(-68.430, 4.949, 1.704), 4326) LIMIT 1), (SELECT id FROM "NavNode" WHERE geom = ST_SetSRID(ST_MakePoint(-55.747, 4.949, 1.704), 4326) LIMIT 1), 12.683, ST_SetSRID(ST_GeomFromText('LINESTRINGZ(-68.430 4.949 1.704, -55.747 4.949 1.704)'), 4326), true);
INSERT INTO "NavEdge" (node_from_id, node_to_id, length_m, geom, is_accessible) VALUES ((SELECT id FROM "NavNode" WHERE geom = ST_SetSRID(ST_MakePoint(-55.747, 4.949, 1.704), 4326) LIMIT 1), (SELECT id FROM "NavNode" WHERE geom = ST_SetSRID(ST_MakePoint(-55.747, 4.949, 1.704), 4326) LIMIT 1), 0.000, ST_SetSRID(ST_GeomFromText('LINESTRINGZ(-55.747 4.949 1.704, -55.747 4.949 1.704)'), 4326), true);
INSERT INTO "NavEdge" (node_from_id, node_to_id, length_m, geom, is_accessible) VALUES ((SELECT id FROM "NavNode" WHERE geom = ST_SetSRID(ST_MakePoint(-75.464, 4.949, 1.704), 4326) LIMIT 1), (SELECT id FROM "NavNode" WHERE geom = ST_SetSRID(ST_MakePoint(-75.464, -1.371, 1.704), 4326) LIMIT 1), 6.320, ST_SetSRID(ST_GeomFromText('LINESTRINGZ(-75.464 4.949 1.704, -75.464 -1.371 1.704)'), 4326), true);
INSERT INTO "NavEdge" (node_from_id, node_to_id, length_m, geom, is_accessible) VALUES ((SELECT id FROM "NavNode" WHERE geom = ST_SetSRID(ST_MakePoint(-68.430, 4.949, 1.704), 4326) LIMIT 1), (SELECT id FROM "NavNode" WHERE geom = ST_SetSRID(ST_MakePoint(-68.430, -1.276, 1.704), 4326) LIMIT 1), 6.225, ST_SetSRID(ST_GeomFromText('LINESTRINGZ(-68.430 4.949 1.704, -68.430 -1.276 1.704)'), 4326), true);
INSERT INTO "NavEdge" (node_from_id, node_to_id, length_m, geom, is_accessible) VALUES ((SELECT id FROM "NavNode" WHERE geom = ST_SetSRID(ST_MakePoint(-35.966, 4.949, 1.704), 4326) LIMIT 1), (SELECT id FROM "NavNode" WHERE geom = ST_SetSRID(ST_MakePoint(-42.982, 4.949, 1.704), 4326) LIMIT 1), 7.017, ST_SetSRID(ST_GeomFromText('LINESTRINGZ(-35.966 4.949 1.704, -42.982 4.949 1.704)'), 4326), true);
INSERT INTO "NavEdge" (node_from_id, node_to_id, length_m, geom, is_accessible) VALUES ((SELECT id FROM "NavNode" WHERE geom = ST_SetSRID(ST_MakePoint(-55.747, 4.949, 1.704), 4326) LIMIT 1), (SELECT id FROM "NavNode" WHERE geom = ST_SetSRID(ST_MakePoint(-42.982, 4.949, 1.704), 4326) LIMIT 1), 12.764, ST_SetSRID(ST_GeomFromText('LINESTRINGZ(-55.747 4.949 1.704, -42.982 4.949 1.704)'), 4326), true);
INSERT INTO "NavEdge" (node_from_id, node_to_id, length_m, geom, is_accessible) VALUES ((SELECT id FROM "NavNode" WHERE geom = ST_SetSRID(ST_MakePoint(-42.982, 4.949, 1.704), 4326) LIMIT 1), (SELECT id FROM "NavNode" WHERE geom = ST_SetSRID(ST_MakePoint(-55.747, 4.949, 1.704), 4326) LIMIT 1), 12.764, ST_SetSRID(ST_GeomFromText('LINESTRINGZ(-42.982 4.949 1.704, -55.747 4.949 1.704)'), 4326), true);
INSERT INTO "NavEdge" (node_from_id, node_to_id, length_m, geom, is_accessible) VALUES ((SELECT id FROM "NavNode" WHERE geom = ST_SetSRID(ST_MakePoint(-42.982, 4.949, 1.704), 4326) LIMIT 1), (SELECT id FROM "NavNode" WHERE geom = ST_SetSRID(ST_MakePoint(-42.982, -1.246, 1.704), 4326) LIMIT 1), 6.196, ST_SetSRID(ST_GeomFromText('LINESTRINGZ(-42.982 4.949 1.704, -42.982 -1.246 1.704)'), 4326), true);
INSERT INTO "NavEdge" (node_from_id, node_to_id, length_m, geom, is_accessible) VALUES ((SELECT id FROM "NavNode" WHERE geom = ST_SetSRID(ST_MakePoint(-35.966, 4.949, 1.704), 4326) LIMIT 1), (SELECT id FROM "NavNode" WHERE geom = ST_SetSRID(ST_MakePoint(-35.966, -1.246, 1.704), 4326) LIMIT 1), 6.196, ST_SetSRID(ST_GeomFromText('LINESTRINGZ(-35.966 4.949 1.704, -35.966 -1.246 1.704)'), 4326), true);
INSERT INTO "NavEdge" (node_from_id, node_to_id, length_m, geom, is_accessible) VALUES ((SELECT id FROM "NavNode" WHERE geom = ST_SetSRID(ST_MakePoint(-23.219, 4.949, 1.704), 4326) LIMIT 1), (SELECT id FROM "NavNode" WHERE geom = ST_SetSRID(ST_MakePoint(-23.219, 7.469, 1.704), 4326) LIMIT 1), 2.519, ST_SetSRID(ST_GeomFromText('LINESTRINGZ(-23.219 4.949 1.704, -23.219 7.469 1.704)'), 4326), true);
INSERT INTO "NavEdge" (node_from_id, node_to_id, length_m, geom, is_accessible) VALUES ((SELECT id FROM "NavNode" WHERE geom = ST_SetSRID(ST_MakePoint(5.443, 0.001, 1.704), 4326) LIMIT 1), (SELECT id FROM "NavNode" WHERE geom = ST_SetSRID(ST_MakePoint(-0.003, 0.001, 1.704), 4326) LIMIT 1), 5.446, ST_SetSRID(ST_GeomFromText('LINESTRINGZ(5.443 0.001 1.704, -0.003 0.001 1.704)'), 4326), true);
INSERT INTO "NavEdge" (node_from_id, node_to_id, length_m, geom, is_accessible) VALUES ((SELECT id FROM "NavNode" WHERE geom = ST_SetSRID(ST_MakePoint(5.443, 54.811, 1.704), 4326) LIMIT 1), (SELECT id FROM "NavNode" WHERE geom = ST_SetSRID(ST_MakePoint(5.443, 0.001, 1.704), 4326) LIMIT 1), 54.810, ST_SetSRID(ST_GeomFromText('LINESTRINGZ(5.443 54.811 1.704, 5.443 0.001 1.704)'), 4326), true);
INSERT INTO "NavEdge" (node_from_id, node_to_id, length_m, geom, is_accessible) VALUES ((SELECT id FROM "NavNode" WHERE geom = ST_SetSRID(ST_MakePoint(-99.766, 54.811, 1.704), 4326) LIMIT 1), (SELECT id FROM "NavNode" WHERE geom = ST_SetSRID(ST_MakePoint(5.443, 54.811, 1.704), 4326) LIMIT 1), 105.209, ST_SetSRID(ST_GeomFromText('LINESTRINGZ(-99.766 54.811 1.704, 5.443 54.811 1.704)'), 4326), true);
INSERT INTO "NavEdge" (node_from_id, node_to_id, length_m, geom, is_accessible) VALUES ((SELECT id FROM "NavNode" WHERE geom = ST_SetSRID(ST_MakePoint(-99.766, 65.838, 1.704), 4326) LIMIT 1), (SELECT id FROM "NavNode" WHERE geom = ST_SetSRID(ST_MakePoint(-99.766, 54.811, 1.704), 4326) LIMIT 1), 11.027, ST_SetSRID(ST_GeomFromText('LINESTRINGZ(-99.766 65.838 1.704, -99.766 54.811 1.704)'), 4326), true);
INSERT INTO "NavEdge" (node_from_id, node_to_id, length_m, geom, is_accessible) VALUES ((SELECT id FROM "NavNode" WHERE geom = ST_SetSRID(ST_MakePoint(-140.231, 65.838, 1.704), 4326) LIMIT 1), (SELECT id FROM "NavNode" WHERE geom = ST_SetSRID(ST_MakePoint(-99.766, 65.838, 1.704), 4326) LIMIT 1), 40.464, ST_SetSRID(ST_GeomFromText('LINESTRINGZ(-140.231 65.838 1.704, -99.766 65.838 1.704)'), 4326), true);
INSERT INTO "NavEdge" (node_from_id, node_to_id, length_m, geom, is_accessible) VALUES ((SELECT id FROM "NavNode" WHERE geom = ST_SetSRID(ST_MakePoint(-140.231, 23.926, 1.704), 4326) LIMIT 1), (SELECT id FROM "NavNode" WHERE geom = ST_SetSRID(ST_MakePoint(-140.231, 65.838, 1.704), 4326) LIMIT 1), 41.912, ST_SetSRID(ST_GeomFromText('LINESTRINGZ(-140.231 23.926 1.704, -140.231 65.838 1.704)'), 4326), true);

-- POIs (Prefix: POI_)
INSERT INTO "POI" (type, is_entry_point, geom, floor_id) VALUES ('Accueil', false, ST_SetSRID(ST_MakePoint(-0.003, 0.001, 1.704), 4326), (SELECT id FROM "Floor" WHERE level_index = 1 LIMIT 1));
INSERT INTO "POITranslation" (poi_id, lang_code, label) VALUES ((SELECT id FROM "POI" WHERE geom = ST_SetSRID(ST_MakePoint(-0.003, 0.001, 1.704), 4326) AND type = 'Accueil' LIMIT 1), 'fr', 'Accueil');
INSERT INTO "POI" (type, is_entry_point, geom, floor_id) VALUES ('Cons1', false, ST_SetSRID(ST_MakePoint(-2.604, 25.088, 1.704), 4326), (SELECT id FROM "Floor" WHERE level_index = 1 LIMIT 1));
INSERT INTO "POITranslation" (poi_id, lang_code, label) VALUES ((SELECT id FROM "POI" WHERE geom = ST_SetSRID(ST_MakePoint(-2.604, 25.088, 1.704), 4326) AND type = 'Cons1' LIMIT 1), 'fr', 'Cons1');
INSERT INTO "POI" (type, is_entry_point, geom, floor_id) VALUES ('Cons2', false, ST_SetSRID(ST_MakePoint(-2.617, 33.059, 1.704), 4326), (SELECT id FROM "Floor" WHERE level_index = 1 LIMIT 1));
INSERT INTO "POITranslation" (poi_id, lang_code, label) VALUES ((SELECT id FROM "POI" WHERE geom = ST_SetSRID(ST_MakePoint(-2.617, 33.059, 1.704), 4326) AND type = 'Cons2' LIMIT 1), 'fr', 'Cons2');
INSERT INTO "POI" (type, is_entry_point, geom, floor_id) VALUES ('Reedu1', false, ST_SetSRID(ST_MakePoint(-19.749, 42.766, 1.704), 4326), (SELECT id FROM "Floor" WHERE level_index = 1 LIMIT 1));
INSERT INTO "POITranslation" (poi_id, lang_code, label) VALUES ((SELECT id FROM "POI" WHERE geom = ST_SetSRID(ST_MakePoint(-19.749, 42.766, 1.704), 4326) AND type = 'Reedu1' LIMIT 1), 'fr', 'Reedu1');
INSERT INTO "POI" (type, is_entry_point, geom, floor_id) VALUES ('Reedu2', false, ST_SetSRID(ST_MakePoint(-26.722, 42.712, 1.704), 4326), (SELECT id FROM "Floor" WHERE level_index = 1 LIMIT 1));
INSERT INTO "POITranslation" (poi_id, lang_code, label) VALUES ((SELECT id FROM "POI" WHERE geom = ST_SetSRID(ST_MakePoint(-26.722, 42.712, 1.704), 4326) AND type = 'Reedu2' LIMIT 1), 'fr', 'Reedu2');
INSERT INTO "POI" (type, is_entry_point, geom, floor_id) VALUES ('Radiologie', false, ST_SetSRID(ST_MakePoint(-55.744, 42.595, 1.704), 4326), (SELECT id FROM "Floor" WHERE level_index = 1 LIMIT 1));
INSERT INTO "POITranslation" (poi_id, lang_code, label) VALUES ((SELECT id FROM "POI" WHERE geom = ST_SetSRID(ST_MakePoint(-55.744, 42.595, 1.704), 4326) AND type = 'Radiologie' LIMIT 1), 'fr', 'Radiologie');
INSERT INTO "POI" (type, is_entry_point, geom, floor_id) VALUES ('HopJour', false, ST_SetSRID(ST_MakePoint(-88.165, 42.681, 1.704), 4326), (SELECT id FROM "Floor" WHERE level_index = 1 LIMIT 1));
INSERT INTO "POITranslation" (poi_id, lang_code, label) VALUES ((SELECT id FROM "POI" WHERE geom = ST_SetSRID(ST_MakePoint(-88.165, 42.681, 1.704), 4326) AND type = 'HopJour' LIMIT 1), 'fr', 'HopJour');
INSERT INTO "POI" (type, is_entry_point, geom, floor_id) VALUES ('Urgences.002', false, ST_SetSRID(ST_MakePoint(-115.910, 45.144, 1.704), 4326), (SELECT id FROM "Floor" WHERE level_index = 1 LIMIT 1));
INSERT INTO "POITranslation" (poi_id, lang_code, label) VALUES ((SELECT id FROM "POI" WHERE geom = ST_SetSRID(ST_MakePoint(-115.910, 45.144, 1.704), 4326) AND type = 'Urgences.002' LIMIT 1), 'fr', 'Urgences.002');
INSERT INTO "POI" (type, is_entry_point, geom, floor_id) VALUES ('Urgences.001', false, ST_SetSRID(ST_MakePoint(-120.690, 7.436, 1.704), 4326), (SELECT id FROM "Floor" WHERE level_index = 1 LIMIT 1));
INSERT INTO "POITranslation" (poi_id, lang_code, label) VALUES ((SELECT id FROM "POI" WHERE geom = ST_SetSRID(ST_MakePoint(-120.690, 7.436, 1.704), 4326) AND type = 'Urgences.001' LIMIT 1), 'fr', 'Urgences.001');
INSERT INTO "POI" (type, is_entry_point, geom, floor_id) VALUES ('Urgences', false, ST_SetSRID(ST_MakePoint(-140.231, 23.926, 1.704), 4326), (SELECT id FROM "Floor" WHERE level_index = 1 LIMIT 1));
INSERT INTO "POITranslation" (poi_id, lang_code, label) VALUES ((SELECT id FROM "POI" WHERE geom = ST_SetSRID(ST_MakePoint(-140.231, 23.926, 1.704), 4326) AND type = 'Urgences' LIMIT 1), 'fr', 'Urgences');
INSERT INTO "POI" (type, is_entry_point, geom, floor_id) VALUES ('Urgences.003', false, ST_SetSRID(ST_MakePoint(-115.968, 12.930, 1.704), 4326), (SELECT id FROM "Floor" WHERE level_index = 1 LIMIT 1));
INSERT INTO "POITranslation" (poi_id, lang_code, label) VALUES ((SELECT id FROM "POI" WHERE geom = ST_SetSRID(ST_MakePoint(-115.968, 12.930, 1.704), 4326) AND type = 'Urgences.003' LIMIT 1), 'fr', 'Urgences.003');
INSERT INTO "POI" (type, is_entry_point, geom, floor_id) VALUES ('HopJour.001', false, ST_SetSRID(ST_MakePoint(-88.181, 14.093, 1.704), 4326), (SELECT id FROM "Floor" WHERE level_index = 1 LIMIT 1));
INSERT INTO "POITranslation" (poi_id, lang_code, label) VALUES ((SELECT id FROM "POI" WHERE geom = ST_SetSRID(ST_MakePoint(-88.181, 14.093, 1.704), 4326) AND type = 'HopJour.001' LIMIT 1), 'fr', 'HopJour.001');
INSERT INTO "POI" (type, is_entry_point, geom, floor_id) VALUES ('Radiologie.001', false, ST_SetSRID(ST_MakePoint(-55.747, 25.378, 1.704), 4326), (SELECT id FROM "Floor" WHERE level_index = 1 LIMIT 1));
INSERT INTO "POITranslation" (poi_id, lang_code, label) VALUES ((SELECT id FROM "POI" WHERE geom = ST_SetSRID(ST_MakePoint(-55.747, 25.378, 1.704), 4326) AND type = 'Radiologie.001' LIMIT 1), 'fr', 'Radiologie.001');
INSERT INTO "POI" (type, is_entry_point, geom, floor_id) VALUES ('Reedu', false, ST_SetSRID(ST_MakePoint(-23.219, 7.469, 1.704), 4326), (SELECT id FROM "Floor" WHERE level_index = 1 LIMIT 1));
INSERT INTO "POITranslation" (poi_id, lang_code, label) VALUES ((SELECT id FROM "POI" WHERE geom = ST_SetSRID(ST_MakePoint(-23.219, 7.469, 1.704), 4326) AND type = 'Reedu' LIMIT 1), 'fr', 'Reedu');
INSERT INTO "POI" (type, is_entry_point, geom, floor_id) VALUES ('Administration', false, ST_SetSRID(ST_MakePoint(-12.123, -16.063, 1.704), 4326), (SELECT id FROM "Floor" WHERE level_index = 1 LIMIT 1));
INSERT INTO "POITranslation" (poi_id, lang_code, label) VALUES ((SELECT id FROM "POI" WHERE geom = ST_SetSRID(ST_MakePoint(-12.123, -16.063, 1.704), 4326) AND type = 'Administration' LIMIT 1), 'fr', 'Administration');
INSERT INTO "POI" (type, is_entry_point, geom, floor_id) VALUES ('Pediatrie', false, ST_SetSRID(ST_MakePoint(-42.982, -1.246, 1.704), 4326), (SELECT id FROM "Floor" WHERE level_index = 1 LIMIT 1));
INSERT INTO "POITranslation" (poi_id, lang_code, label) VALUES ((SELECT id FROM "POI" WHERE geom = ST_SetSRID(ST_MakePoint(-42.982, -1.246, 1.704), 4326) AND type = 'Pediatrie' LIMIT 1), 'fr', 'Pediatrie');
INSERT INTO "POI" (type, is_entry_point, geom, floor_id) VALUES ('Pediatrie.001', false, ST_SetSRID(ST_MakePoint(-35.966, -1.246, 1.704), 4326), (SELECT id FROM "Floor" WHERE level_index = 1 LIMIT 1));
INSERT INTO "POITranslation" (poi_id, lang_code, label) VALUES ((SELECT id FROM "POI" WHERE geom = ST_SetSRID(ST_MakePoint(-35.966, -1.246, 1.704), 4326) AND type = 'Pediatrie.001' LIMIT 1), 'fr', 'Pediatrie.001');
INSERT INTO "POI" (type, is_entry_point, geom, floor_id) VALUES ('Pediatrie.002', false, ST_SetSRID(ST_MakePoint(-35.973, -40.789, 1.704), 4326), (SELECT id FROM "Floor" WHERE level_index = 1 LIMIT 1));
INSERT INTO "POITranslation" (poi_id, lang_code, label) VALUES ((SELECT id FROM "POI" WHERE geom = ST_SetSRID(ST_MakePoint(-35.973, -40.789, 1.704), 4326) AND type = 'Pediatrie.002' LIMIT 1), 'fr', 'Pediatrie.002');
INSERT INTO "POI" (type, is_entry_point, geom, floor_id) VALUES ('Pediatrie.003', false, ST_SetSRID(ST_MakePoint(-43.040, -40.693, 1.704), 4326), (SELECT id FROM "Floor" WHERE level_index = 1 LIMIT 1));
INSERT INTO "POITranslation" (poi_id, lang_code, label) VALUES ((SELECT id FROM "POI" WHERE geom = ST_SetSRID(ST_MakePoint(-43.040, -40.693, 1.704), 4326) AND type = 'Pediatrie.003' LIMIT 1), 'fr', 'Pediatrie.003');
INSERT INTO "POI" (type, is_entry_point, geom, floor_id) VALUES ('Hospitalisation1', false, ST_SetSRID(ST_MakePoint(-75.464, -1.371, 1.704), 4326), (SELECT id FROM "Floor" WHERE level_index = 1 LIMIT 1));
INSERT INTO "POITranslation" (poi_id, lang_code, label) VALUES ((SELECT id FROM "POI" WHERE geom = ST_SetSRID(ST_MakePoint(-75.464, -1.371, 1.704), 4326) AND type = 'Hospitalisation1' LIMIT 1), 'fr', 'Hospitalisation1');
INSERT INTO "POI" (type, is_entry_point, geom, floor_id) VALUES ('Hospitalisation1.001', false, ST_SetSRID(ST_MakePoint(-68.430, -1.276, 1.704), 4326), (SELECT id FROM "Floor" WHERE level_index = 1 LIMIT 1));
INSERT INTO "POITranslation" (poi_id, lang_code, label) VALUES ((SELECT id FROM "POI" WHERE geom = ST_SetSRID(ST_MakePoint(-68.430, -1.276, 1.704), 4326) AND type = 'Hospitalisation1.001' LIMIT 1), 'fr', 'Hospitalisation1.001');
INSERT INTO "POI" (type, is_entry_point, geom, floor_id) VALUES ('Hospitalisation1.002', false, ST_SetSRID(ST_MakePoint(-68.452, -49.325, 1.704), 4326), (SELECT id FROM "Floor" WHERE level_index = 1 LIMIT 1));
INSERT INTO "POITranslation" (poi_id, lang_code, label) VALUES ((SELECT id FROM "POI" WHERE geom = ST_SetSRID(ST_MakePoint(-68.452, -49.325, 1.704), 4326) AND type = 'Hospitalisation1.002' LIMIT 1), 'fr', 'Hospitalisation1.002');
INSERT INTO "POI" (type, is_entry_point, geom, floor_id) VALUES ('Hospitalisation1.003', false, ST_SetSRID(ST_MakePoint(-75.546, -49.381, 1.704), 4326), (SELECT id FROM "Floor" WHERE level_index = 1 LIMIT 1));
INSERT INTO "POITranslation" (poi_id, lang_code, label) VALUES ((SELECT id FROM "POI" WHERE geom = ST_SetSRID(ST_MakePoint(-75.546, -49.381, 1.704), 4326) AND type = 'Hospitalisation1.003' LIMIT 1), 'fr', 'Hospitalisation1.003');
INSERT INTO "POI" (type, is_entry_point, geom, floor_id) VALUES ('Hospitalisation2', false, ST_SetSRID(ST_MakePoint(-107.948, -1.246, 1.704), 4326), (SELECT id FROM "Floor" WHERE level_index = 1 LIMIT 1));
INSERT INTO "POITranslation" (poi_id, lang_code, label) VALUES ((SELECT id FROM "POI" WHERE geom = ST_SetSRID(ST_MakePoint(-107.948, -1.246, 1.704), 4326) AND type = 'Hospitalisation2' LIMIT 1), 'fr', 'Hospitalisation2');
INSERT INTO "POI" (type, is_entry_point, geom, floor_id) VALUES ('Hospitalisation2.001', false, ST_SetSRID(ST_MakePoint(-100.857, -1.470, 1.704), 4326), (SELECT id FROM "Floor" WHERE level_index = 1 LIMIT 1));
INSERT INTO "POITranslation" (poi_id, lang_code, label) VALUES ((SELECT id FROM "POI" WHERE geom = ST_SetSRID(ST_MakePoint(-100.857, -1.470, 1.704), 4326) AND type = 'Hospitalisation2.001' LIMIT 1), 'fr', 'Hospitalisation2.001');
INSERT INTO "POI" (type, is_entry_point, geom, floor_id) VALUES ('Hospitalisation2.002', false, ST_SetSRID(ST_MakePoint(-100.988, -49.381, 1.704), 4326), (SELECT id FROM "Floor" WHERE level_index = 1 LIMIT 1));
INSERT INTO "POITranslation" (poi_id, lang_code, label) VALUES ((SELECT id FROM "POI" WHERE geom = ST_SetSRID(ST_MakePoint(-100.988, -49.381, 1.704), 4326) AND type = 'Hospitalisation2.002' LIMIT 1), 'fr', 'Hospitalisation2.002');
INSERT INTO "POI" (type, is_entry_point, geom, floor_id) VALUES ('Hospitalisation2.003', false, ST_SetSRID(ST_MakePoint(-108.064, -49.492, 1.704), 4326), (SELECT id FROM "Floor" WHERE level_index = 1 LIMIT 1));
INSERT INTO "POITranslation" (poi_id, lang_code, label) VALUES ((SELECT id FROM "POI" WHERE geom = ST_SetSRID(ST_MakePoint(-108.064, -49.492, 1.704), 4326) AND type = 'Hospitalisation2.003' LIMIT 1), 'fr', 'Hospitalisation2.003');

COMMIT;
