-- Export from Blender for hospital: DalalJam
-- Generated by blender_export.py
BEGIN;

-- hospital: DalalJam
INSERT INTO "hospital" (name, address, boundary) VALUES ('DalalJam', 'Dakar, Senegal', NULL);

-- building: Main
INSERT INTO "building" (code, default_name, hospital_id) VALUES ('B1', 'Batiment Principal', (SELECT id FROM "hospital" WHERE name = 'DalalJam' LIMIT 1));

-- floors
INSERT INTO "floor" (level_index, name, building_id) VALUES (1, 'Etage 1', (SELECT id FROM "building" WHERE code = 'B1' LIMIT 1));

-- Navigation Graph (Object: Reseau_Navigation)
-- navnodes
INSERT INTO "navnode" (geom, floor_id, kind) VALUES (ST_SetSRID(ST_Makepoint(69.950, 0.289, 1.000), 4326), (SELECT id FROM "floor" WHERE level_index = 1 LIMIT 1), 'connector');
INSERT INTO "navnode" (geom, floor_id, kind) VALUES (ST_SetSRID(ST_Makepoint(72.672, -4.660, 1.000), 4326), (SELECT id FROM "floor" WHERE level_index = 1 LIMIT 1), 'connector');
INSERT INTO "navnode" (geom, floor_id, kind) VALUES (ST_SetSRID(ST_Makepoint(69.950, -4.660, 1.000), 4326), (SELECT id FROM "floor" WHERE level_index = 1 LIMIT 1), 'connector');
INSERT INTO "navnode" (geom, floor_id, kind) VALUES (ST_SetSRID(ST_Makepoint(71.528, -4.660, 1.000), 4326), (SELECT id FROM "floor" WHERE level_index = 1 LIMIT 1), 'connector');
INSERT INTO "navnode" (geom, floor_id, kind) VALUES (ST_SetSRID(ST_Makepoint(60.552, 0.289, 1.000), 4326), (SELECT id FROM "floor" WHERE level_index = 1 LIMIT 1), 'connector');
INSERT INTO "navnode" (geom, floor_id, kind) VALUES (ST_SetSRID(ST_Makepoint(71.528, 2.099, 1.000), 4326), (SELECT id FROM "floor" WHERE level_index = 1 LIMIT 1), 'connector');
INSERT INTO "navnode" (geom, floor_id, kind) VALUES (ST_SetSRID(ST_Makepoint(71.528, 20.428, 1.000), 4326), (SELECT id FROM "floor" WHERE level_index = 1 LIMIT 1), 'connector');
INSERT INTO "navnode" (geom, floor_id, kind) VALUES (ST_SetSRID(ST_Makepoint(49.456, 0.289, 1.000), 4326), (SELECT id FROM "floor" WHERE level_index = 1 LIMIT 1), 'connector');
INSERT INTO "navnode" (geom, floor_id, kind) VALUES (ST_SetSRID(ST_Makepoint(45.954, 40.484, 1.000), 4326), (SELECT id FROM "floor" WHERE level_index = 1 LIMIT 1), 'connector');
INSERT INTO "navnode" (geom, floor_id, kind) VALUES (ST_SetSRID(ST_Makepoint(16.931, 40.484, 1.000), 4326), (SELECT id FROM "floor" WHERE level_index = 1 LIMIT 1), 'connector');
INSERT INTO "navnode" (geom, floor_id, kind) VALUES (ST_SetSRID(ST_Makepoint(71.528, 28.399, 1.000), 4326), (SELECT id FROM "floor" WHERE level_index = 1 LIMIT 1), 'connector');
INSERT INTO "navnode" (geom, floor_id, kind) VALUES (ST_SetSRID(ST_Makepoint(70.071, 20.428, 1.000), 4326), (SELECT id FROM "floor" WHERE level_index = 1 LIMIT 1), 'connector');
INSERT INTO "navnode" (geom, floor_id, kind) VALUES (ST_SetSRID(ST_Makepoint(70.058, 28.399, 1.000), 4326), (SELECT id FROM "floor" WHERE level_index = 1 LIMIT 1), 'connector');
INSERT INTO "navnode" (geom, floor_id, kind) VALUES (ST_SetSRID(ST_Makepoint(71.528, 40.484, 1.000), 4326), (SELECT id FROM "floor" WHERE level_index = 1 LIMIT 1), 'connector');
INSERT INTO "navnode" (geom, floor_id, kind) VALUES (ST_SetSRID(ST_Makepoint(52.926, 40.484, 1.000), 4326), (SELECT id FROM "floor" WHERE level_index = 1 LIMIT 1), 'connector');
INSERT INTO "navnode" (geom, floor_id, kind) VALUES (ST_SetSRID(ST_Makepoint(52.926, 38.105, 1.000), 4326), (SELECT id FROM "floor" WHERE level_index = 1 LIMIT 1), 'connector');
INSERT INTO "navnode" (geom, floor_id, kind) VALUES (ST_SetSRID(ST_Makepoint(45.954, 38.052, 1.000), 4326), (SELECT id FROM "floor" WHERE level_index = 1 LIMIT 1), 'connector');
INSERT INTO "navnode" (geom, floor_id, kind) VALUES (ST_SetSRID(ST_Makepoint(-15.490, 40.484, 1.000), 4326), (SELECT id FROM "floor" WHERE level_index = 1 LIMIT 1), 'connector');
INSERT INTO "navnode" (geom, floor_id, kind) VALUES (ST_SetSRID(ST_Makepoint(16.931, 37.935, 1.000), 4326), (SELECT id FROM "floor" WHERE level_index = 1 LIMIT 1), 'connector');
INSERT INTO "navnode" (geom, floor_id, kind) VALUES (ST_SetSRID(ST_Makepoint(-43.235, 40.484, 1.000), 4326), (SELECT id FROM "floor" WHERE level_index = 1 LIMIT 1), 'connector');
INSERT INTO "navnode" (geom, floor_id, kind) VALUES (ST_SetSRID(ST_Makepoint(-15.490, 38.021, 1.000), 4326), (SELECT id FROM "floor" WHERE level_index = 1 LIMIT 1), 'connector');
INSERT INTO "navnode" (geom, floor_id, kind) VALUES (ST_SetSRID(ST_Makepoint(-2.789, 0.289, 1.000), 4326), (SELECT id FROM "floor" WHERE level_index = 1 LIMIT 1), 'connector');
INSERT INTO "navnode" (geom, floor_id, kind) VALUES (ST_SetSRID(ST_Makepoint(-15.506, 0.289, 1.000), 4326), (SELECT id FROM "floor" WHERE level_index = 1 LIMIT 1), 'connector');
INSERT INTO "navnode" (geom, floor_id, kind) VALUES (ST_SetSRID(ST_Makepoint(-48.015, 0.289, 1.000), 4326), (SELECT id FROM "floor" WHERE level_index = 1 LIMIT 1), 'connector');
INSERT INTO "navnode" (geom, floor_id, kind) VALUES (ST_SetSRID(ST_Makepoint(-15.506, 9.432, 1.000), 4326), (SELECT id FROM "floor" WHERE level_index = 1 LIMIT 1), 'connector');
INSERT INTO "navnode" (geom, floor_id, kind) VALUES (ST_SetSRID(ST_Makepoint(-48.015, 2.776, 1.000), 4326), (SELECT id FROM "floor" WHERE level_index = 1 LIMIT 1), 'connector');
INSERT INTO "navnode" (geom, floor_id, kind) VALUES (ST_SetSRID(ST_Makepoint(-28.182, 0.289, 1.000), 4326), (SELECT id FROM "floor" WHERE level_index = 1 LIMIT 1), 'connector');
INSERT INTO "navnode" (geom, floor_id, kind) VALUES (ST_SetSRID(ST_Makepoint(16.929, 8.270, 1.000), 4326), (SELECT id FROM "floor" WHERE level_index = 1 LIMIT 1), 'connector');
INSERT INTO "navnode" (geom, floor_id, kind) VALUES (ST_SetSRID(ST_Makepoint(16.929, 20.717, 1.000), 4326), (SELECT id FROM "floor" WHERE level_index = 1 LIMIT 1), 'connector');
INSERT INTO "navnode" (geom, floor_id, kind) VALUES (ST_SetSRID(ST_Makepoint(7.784, 8.270, 1.000), 4326), (SELECT id FROM "floor" WHERE level_index = 1 LIMIT 1), 'connector');
INSERT INTO "navnode" (geom, floor_id, kind) VALUES (ST_SetSRID(ST_Makepoint(-14.311, 8.270, 1.000), 4326), (SELECT id FROM "floor" WHERE level_index = 1 LIMIT 1), 'connector');
INSERT INTO "navnode" (geom, floor_id, kind) VALUES (ST_SetSRID(ST_Makepoint(-16.651, 8.270, 1.000), 4326), (SELECT id FROM "floor" WHERE level_index = 1 LIMIT 1), 'connector');
INSERT INTO "navnode" (geom, floor_id, kind) VALUES (ST_SetSRID(ST_Makepoint(-37.637, 8.270, 1.000), 4326), (SELECT id FROM "floor" WHERE level_index = 1 LIMIT 1), 'connector');
INSERT INTO "navnode" (geom, floor_id, kind) VALUES (ST_SetSRID(ST_Makepoint(-43.293, 8.270, 1.000), 4326), (SELECT id FROM "floor" WHERE level_index = 1 LIMIT 1), 'connector');
INSERT INTO "navnode" (geom, floor_id, kind) VALUES (ST_SetSRID(ST_Makepoint(60.552, -20.724, 1.000), 4326), (SELECT id FROM "floor" WHERE level_index = 1 LIMIT 1), 'connector');
INSERT INTO "navnode" (geom, floor_id, kind) VALUES (ST_SetSRID(ST_Makepoint(-43.293, 6.615, 1.000), 4326), (SELECT id FROM "floor" WHERE level_index = 1 LIMIT 1), 'connector');
INSERT INTO "navnode" (geom, floor_id, kind) VALUES (ST_SetSRID(ST_Makepoint(60.552, -37.042, 1.000), 4326), (SELECT id FROM "floor" WHERE level_index = 1 LIMIT 1), 'connector');
INSERT INTO "navnode" (geom, floor_id, kind) VALUES (ST_SetSRID(ST_Makepoint(60.552, -55.000, 1.000), 4326), (SELECT id FROM "floor" WHERE level_index = 1 LIMIT 1), 'connector');
INSERT INTO "navnode" (geom, floor_id, kind) VALUES (ST_SetSRID(ST_Makepoint(60.552, -56.417, 1.000), 4326), (SELECT id FROM "floor" WHERE level_index = 1 LIMIT 1), 'connector');
INSERT INTO "navnode" (geom, floor_id, kind) VALUES (ST_SetSRID(ST_Makepoint(36.702, -56.417, 1.000), 4326), (SELECT id FROM "floor" WHERE level_index = 1 LIMIT 1), 'connector');
INSERT INTO "navnode" (geom, floor_id, kind) VALUES (ST_SetSRID(ST_Makepoint(29.635, -56.417, 1.000), 4326), (SELECT id FROM "floor" WHERE level_index = 1 LIMIT 1), 'connector');
INSERT INTO "navnode" (geom, floor_id, kind) VALUES (ST_SetSRID(ST_Makepoint(4.223, -56.417, 1.000), 4326), (SELECT id FROM "floor" WHERE level_index = 1 LIMIT 1), 'connector');
INSERT INTO "navnode" (geom, floor_id, kind) VALUES (ST_SetSRID(ST_Makepoint(-2.871, -56.417, 1.000), 4326), (SELECT id FROM "floor" WHERE level_index = 1 LIMIT 1), 'connector');
INSERT INTO "navnode" (geom, floor_id, kind) VALUES (ST_SetSRID(ST_Makepoint(-28.313, -56.417, 1.000), 4326), (SELECT id FROM "floor" WHERE level_index = 1 LIMIT 1), 'connector');
INSERT INTO "navnode" (geom, floor_id, kind) VALUES (ST_SetSRID(ST_Makepoint(-35.389, -56.417, 1.000), 4326), (SELECT id FROM "floor" WHERE level_index = 1 LIMIT 1), 'connector');
INSERT INTO "navnode" (geom, floor_id, kind) VALUES (ST_SetSRID(ST_Makepoint(-35.389, -54.152, 1.000), 4326), (SELECT id FROM "floor" WHERE level_index = 1 LIMIT 1), 'connector');
INSERT INTO "navnode" (geom, floor_id, kind) VALUES (ST_SetSRID(ST_Makepoint(-28.313, -54.041, 1.000), 4326), (SELECT id FROM "floor" WHERE level_index = 1 LIMIT 1), 'connector');
INSERT INTO "navnode" (geom, floor_id, kind) VALUES (ST_SetSRID(ST_Makepoint(-2.871, -54.041, 1.000), 4326), (SELECT id FROM "floor" WHERE level_index = 1 LIMIT 1), 'connector');
INSERT INTO "navnode" (geom, floor_id, kind) VALUES (ST_SetSRID(ST_Makepoint(4.223, -53.985, 1.000), 4326), (SELECT id FROM "floor" WHERE level_index = 1 LIMIT 1), 'connector');
INSERT INTO "navnode" (geom, floor_id, kind) VALUES (ST_SetSRID(ST_Makepoint(29.635, -45.353, 1.000), 4326), (SELECT id FROM "floor" WHERE level_index = 1 LIMIT 1), 'connector');
INSERT INTO "navnode" (geom, floor_id, kind) VALUES (ST_SetSRID(ST_Makepoint(36.702, -45.449, 1.000), 4326), (SELECT id FROM "floor" WHERE level_index = 1 LIMIT 1), 'connector');
INSERT INTO "navnode" (geom, floor_id, kind) VALUES (ST_SetSRID(ST_Makepoint(-35.273, 0.289, 1.000), 4326), (SELECT id FROM "floor" WHERE level_index = 1 LIMIT 1), 'connector');
INSERT INTO "navnode" (geom, floor_id, kind) VALUES (ST_SetSRID(ST_Makepoint(-35.273, -5.906, 1.000), 4326), (SELECT id FROM "floor" WHERE level_index = 1 LIMIT 1), 'connector');
INSERT INTO "navnode" (geom, floor_id, kind) VALUES (ST_SetSRID(ST_Makepoint(-28.182, -6.130, 1.000), 4326), (SELECT id FROM "floor" WHERE level_index = 1 LIMIT 1), 'connector');
INSERT INTO "navnode" (geom, floor_id, kind) VALUES (ST_SetSRID(ST_Makepoint(16.929, 0.289, 1.000), 4326), (SELECT id FROM "floor" WHERE level_index = 1 LIMIT 1), 'connector');
INSERT INTO "navnode" (geom, floor_id, kind) VALUES (ST_SetSRID(ST_Makepoint(16.929, 0.289, 1.000), 4326), (SELECT id FROM "floor" WHERE level_index = 1 LIMIT 1), 'connector');
INSERT INTO "navnode" (geom, floor_id, kind) VALUES (ST_SetSRID(ST_Makepoint(4.245, 0.289, 1.000), 4326), (SELECT id FROM "floor" WHERE level_index = 1 LIMIT 1), 'connector');
INSERT INTO "navnode" (geom, floor_id, kind) VALUES (ST_SetSRID(ST_Makepoint(-2.789, -6.031, 1.000), 4326), (SELECT id FROM "floor" WHERE level_index = 1 LIMIT 1), 'connector');
INSERT INTO "navnode" (geom, floor_id, kind) VALUES (ST_SetSRID(ST_Makepoint(4.245, -5.936, 1.000), 4326), (SELECT id FROM "floor" WHERE level_index = 1 LIMIT 1), 'connector');
INSERT INTO "navnode" (geom, floor_id, kind) VALUES (ST_SetSRID(ST_Makepoint(36.709, 0.289, 1.000), 4326), (SELECT id FROM "floor" WHERE level_index = 1 LIMIT 1), 'connector');
INSERT INTO "navnode" (geom, floor_id, kind) VALUES (ST_SetSRID(ST_Makepoint(29.693, 0.289, 1.000), 4326), (SELECT id FROM "floor" WHERE level_index = 1 LIMIT 1), 'connector');
INSERT INTO "navnode" (geom, floor_id, kind) VALUES (ST_SetSRID(ST_Makepoint(29.693, -5.906, 1.000), 4326), (SELECT id FROM "floor" WHERE level_index = 1 LIMIT 1), 'connector');
INSERT INTO "navnode" (geom, floor_id, kind) VALUES (ST_SetSRID(ST_Makepoint(36.709, -5.906, 1.000), 4326), (SELECT id FROM "floor" WHERE level_index = 1 LIMIT 1), 'connector');
INSERT INTO "navnode" (geom, floor_id, kind) VALUES (ST_SetSRID(ST_Makepoint(49.456, 2.808, 1.000), 4326), (SELECT id FROM "floor" WHERE level_index = 1 LIMIT 1), 'connector');
INSERT INTO "navnode" (geom, floor_id, kind) VALUES (ST_SetSRID(ST_Makepoint(78.118, -4.660, 1.000), 4326), (SELECT id FROM "floor" WHERE level_index = 1 LIMIT 1), 'connector');
INSERT INTO "navnode" (geom, floor_id, kind) VALUES (ST_SetSRID(ST_Makepoint(78.118, 50.151, 1.000), 4326), (SELECT id FROM "floor" WHERE level_index = 1 LIMIT 1), 'connector');
INSERT INTO "navnode" (geom, floor_id, kind) VALUES (ST_SetSRID(ST_Makepoint(-27.091, 50.151, 1.000), 4326), (SELECT id FROM "floor" WHERE level_index = 1 LIMIT 1), 'connector');
INSERT INTO "navnode" (geom, floor_id, kind) VALUES (ST_SetSRID(ST_Makepoint(-27.091, 61.178, 1.000), 4326), (SELECT id FROM "floor" WHERE level_index = 1 LIMIT 1), 'connector');
INSERT INTO "navnode" (geom, floor_id, kind) VALUES (ST_SetSRID(ST_Makepoint(-67.556, 61.178, 1.000), 4326), (SELECT id FROM "floor" WHERE level_index = 1 LIMIT 1), 'connector');
INSERT INTO "navnode" (geom, floor_id, kind) VALUES (ST_SetSRID(ST_Makepoint(-67.556, 19.266, 1.000), 4326), (SELECT id FROM "floor" WHERE level_index = 1 LIMIT 1), 'connector');

-- navedges
INSERT INTO "navedge" (node_from_id, node_to_id, length_m, geom, is_accessible) VALUES ((SELECT id FROM "navnode" WHERE geom = ST_SetSRID(ST_Makepoint(69.950, 0.289, 1.000), 4326) LIMIT 1), (SELECT id FROM "navnode" WHERE geom = ST_SetSRID(ST_Makepoint(60.552, 0.289, 1.000), 4326) LIMIT 1), 9.398, ST_SetSRID(ST_GeomFromText('LINESTRINGZ(69.950 0.289 1.000, 60.552 0.289 1.000)'), 4326), true);
INSERT INTO "navedge" (node_from_id, node_to_id, length_m, geom, is_accessible) VALUES ((SELECT id FROM "navnode" WHERE geom = ST_SetSRID(ST_Makepoint(69.950, -4.660, 1.000), 4326) LIMIT 1), (SELECT id FROM "navnode" WHERE geom = ST_SetSRID(ST_Makepoint(69.950, 0.289, 1.000), 4326) LIMIT 1), 4.949, ST_SetSRID(ST_GeomFromText('LINESTRINGZ(69.950 -4.660 1.000, 69.950 0.289 1.000)'), 4326), true);
INSERT INTO "navedge" (node_from_id, node_to_id, length_m, geom, is_accessible) VALUES ((SELECT id FROM "navnode" WHERE geom = ST_SetSRID(ST_Makepoint(72.672, -4.660, 1.000), 4326) LIMIT 1), (SELECT id FROM "navnode" WHERE geom = ST_SetSRID(ST_Makepoint(71.528, -4.660, 1.000), 4326) LIMIT 1), 1.144, ST_SetSRID(ST_GeomFromText('LINESTRINGZ(72.672 -4.660 1.000, 71.528 -4.660 1.000)'), 4326), true);
INSERT INTO "navedge" (node_from_id, node_to_id, length_m, geom, is_accessible) VALUES ((SELECT id FROM "navnode" WHERE geom = ST_SetSRID(ST_Makepoint(71.528, -4.660, 1.000), 4326) LIMIT 1), (SELECT id FROM "navnode" WHERE geom = ST_SetSRID(ST_Makepoint(69.950, -4.660, 1.000), 4326) LIMIT 1), 1.577, ST_SetSRID(ST_GeomFromText('LINESTRINGZ(71.528 -4.660 1.000, 69.950 -4.660 1.000)'), 4326), true);
INSERT INTO "navedge" (node_from_id, node_to_id, length_m, geom, is_accessible) VALUES ((SELECT id FROM "navnode" WHERE geom = ST_SetSRID(ST_Makepoint(71.528, -4.660, 1.000), 4326) LIMIT 1), (SELECT id FROM "navnode" WHERE geom = ST_SetSRID(ST_Makepoint(71.528, 2.099, 1.000), 4326) LIMIT 1), 6.758, ST_SetSRID(ST_GeomFromText('LINESTRINGZ(71.528 -4.660 1.000, 71.528 2.099 1.000)'), 4326), true);
INSERT INTO "navedge" (node_from_id, node_to_id, length_m, geom, is_accessible) VALUES ((SELECT id FROM "navnode" WHERE geom = ST_SetSRID(ST_Makepoint(71.528, 2.099, 1.000), 4326) LIMIT 1), (SELECT id FROM "navnode" WHERE geom = ST_SetSRID(ST_Makepoint(71.528, 20.428, 1.000), 4326) LIMIT 1), 18.329, ST_SetSRID(ST_GeomFromText('LINESTRINGZ(71.528 2.099 1.000, 71.528 20.428 1.000)'), 4326), true);
INSERT INTO "navedge" (node_from_id, node_to_id, length_m, geom, is_accessible) VALUES ((SELECT id FROM "navnode" WHERE geom = ST_SetSRID(ST_Makepoint(60.552, 0.289, 1.000), 4326) LIMIT 1), (SELECT id FROM "navnode" WHERE geom = ST_SetSRID(ST_Makepoint(49.456, 0.289, 1.000), 4326) LIMIT 1), 11.096, ST_SetSRID(ST_GeomFromText('LINESTRINGZ(60.552 0.289 1.000, 49.456 0.289 1.000)'), 4326), true);
INSERT INTO "navedge" (node_from_id, node_to_id, length_m, geom, is_accessible) VALUES ((SELECT id FROM "navnode" WHERE geom = ST_SetSRID(ST_Makepoint(71.528, 20.428, 1.000), 4326) LIMIT 1), (SELECT id FROM "navnode" WHERE geom = ST_SetSRID(ST_Makepoint(71.528, 28.399, 1.000), 4326) LIMIT 1), 7.971, ST_SetSRID(ST_GeomFromText('LINESTRINGZ(71.528 20.428 1.000, 71.528 28.399 1.000)'), 4326), true);
INSERT INTO "navedge" (node_from_id, node_to_id, length_m, geom, is_accessible) VALUES ((SELECT id FROM "navnode" WHERE geom = ST_SetSRID(ST_Makepoint(52.926, 40.484, 1.000), 4326) LIMIT 1), (SELECT id FROM "navnode" WHERE geom = ST_SetSRID(ST_Makepoint(45.954, 40.484, 1.000), 4326) LIMIT 1), 6.973, ST_SetSRID(ST_GeomFromText('LINESTRINGZ(52.926 40.484 1.000, 45.954 40.484 1.000)'), 4326), true);
INSERT INTO "navedge" (node_from_id, node_to_id, length_m, geom, is_accessible) VALUES ((SELECT id FROM "navnode" WHERE geom = ST_SetSRID(ST_Makepoint(71.528, 28.399, 1.000), 4326) LIMIT 1), (SELECT id FROM "navnode" WHERE geom = ST_SetSRID(ST_Makepoint(71.528, 40.484, 1.000), 4326) LIMIT 1), 12.085, ST_SetSRID(ST_GeomFromText('LINESTRINGZ(71.528 28.399 1.000, 71.528 40.484 1.000)'), 4326), true);
INSERT INTO "navedge" (node_from_id, node_to_id, length_m, geom, is_accessible) VALUES ((SELECT id FROM "navnode" WHERE geom = ST_SetSRID(ST_Makepoint(71.528, 20.428, 1.000), 4326) LIMIT 1), (SELECT id FROM "navnode" WHERE geom = ST_SetSRID(ST_Makepoint(70.071, 20.428, 1.000), 4326) LIMIT 1), 1.456, ST_SetSRID(ST_GeomFromText('LINESTRINGZ(71.528 20.428 1.000, 70.071 20.428 1.000)'), 4326), true);
INSERT INTO "navedge" (node_from_id, node_to_id, length_m, geom, is_accessible) VALUES ((SELECT id FROM "navnode" WHERE geom = ST_SetSRID(ST_Makepoint(71.528, 28.399, 1.000), 4326) LIMIT 1), (SELECT id FROM "navnode" WHERE geom = ST_SetSRID(ST_Makepoint(70.058, 28.399, 1.000), 4326) LIMIT 1), 1.470, ST_SetSRID(ST_GeomFromText('LINESTRINGZ(71.528 28.399 1.000, 70.058 28.399 1.000)'), 4326), true);
INSERT INTO "navedge" (node_from_id, node_to_id, length_m, geom, is_accessible) VALUES ((SELECT id FROM "navnode" WHERE geom = ST_SetSRID(ST_Makepoint(71.528, 40.484, 1.000), 4326) LIMIT 1), (SELECT id FROM "navnode" WHERE geom = ST_SetSRID(ST_Makepoint(52.926, 40.484, 1.000), 4326) LIMIT 1), 18.601, ST_SetSRID(ST_GeomFromText('LINESTRINGZ(71.528 40.484 1.000, 52.926 40.484 1.000)'), 4326), true);
INSERT INTO "navedge" (node_from_id, node_to_id, length_m, geom, is_accessible) VALUES ((SELECT id FROM "navnode" WHERE geom = ST_SetSRID(ST_Makepoint(45.954, 40.484, 1.000), 4326) LIMIT 1), (SELECT id FROM "navnode" WHERE geom = ST_SetSRID(ST_Makepoint(16.931, 40.484, 1.000), 4326) LIMIT 1), 29.022, ST_SetSRID(ST_GeomFromText('LINESTRINGZ(45.954 40.484 1.000, 16.931 40.484 1.000)'), 4326), true);
INSERT INTO "navedge" (node_from_id, node_to_id, length_m, geom, is_accessible) VALUES ((SELECT id FROM "navnode" WHERE geom = ST_SetSRID(ST_Makepoint(52.926, 40.484, 1.000), 4326) LIMIT 1), (SELECT id FROM "navnode" WHERE geom = ST_SetSRID(ST_Makepoint(52.926, 38.105, 1.000), 4326) LIMIT 1), 2.378, ST_SetSRID(ST_GeomFromText('LINESTRINGZ(52.926 40.484 1.000, 52.926 38.105 1.000)'), 4326), true);
INSERT INTO "navedge" (node_from_id, node_to_id, length_m, geom, is_accessible) VALUES ((SELECT id FROM "navnode" WHERE geom = ST_SetSRID(ST_Makepoint(45.954, 40.484, 1.000), 4326) LIMIT 1), (SELECT id FROM "navnode" WHERE geom = ST_SetSRID(ST_Makepoint(45.954, 38.052, 1.000), 4326) LIMIT 1), 2.432, ST_SetSRID(ST_GeomFromText('LINESTRINGZ(45.954 40.484 1.000, 45.954 38.052 1.000)'), 4326), true);
INSERT INTO "navedge" (node_from_id, node_to_id, length_m, geom, is_accessible) VALUES ((SELECT id FROM "navnode" WHERE geom = ST_SetSRID(ST_Makepoint(16.931, 40.484, 1.000), 4326) LIMIT 1), (SELECT id FROM "navnode" WHERE geom = ST_SetSRID(ST_Makepoint(-15.490, 40.484, 1.000), 4326) LIMIT 1), 32.421, ST_SetSRID(ST_GeomFromText('LINESTRINGZ(16.931 40.484 1.000, -15.490 40.484 1.000)'), 4326), true);
INSERT INTO "navedge" (node_from_id, node_to_id, length_m, geom, is_accessible) VALUES ((SELECT id FROM "navnode" WHERE geom = ST_SetSRID(ST_Makepoint(16.931, 40.484, 1.000), 4326) LIMIT 1), (SELECT id FROM "navnode" WHERE geom = ST_SetSRID(ST_Makepoint(16.931, 37.935, 1.000), 4326) LIMIT 1), 2.549, ST_SetSRID(ST_GeomFromText('LINESTRINGZ(16.931 40.484 1.000, 16.931 37.935 1.000)'), 4326), true);
INSERT INTO "navedge" (node_from_id, node_to_id, length_m, geom, is_accessible) VALUES ((SELECT id FROM "navnode" WHERE geom = ST_SetSRID(ST_Makepoint(-15.490, 40.484, 1.000), 4326) LIMIT 1), (SELECT id FROM "navnode" WHERE geom = ST_SetSRID(ST_Makepoint(-43.235, 40.484, 1.000), 4326) LIMIT 1), 27.745, ST_SetSRID(ST_GeomFromText('LINESTRINGZ(-15.490 40.484 1.000, -43.235 40.484 1.000)'), 4326), true);
INSERT INTO "navedge" (node_from_id, node_to_id, length_m, geom, is_accessible) VALUES ((SELECT id FROM "navnode" WHERE geom = ST_SetSRID(ST_Makepoint(-15.490, 40.484, 1.000), 4326) LIMIT 1), (SELECT id FROM "navnode" WHERE geom = ST_SetSRID(ST_Makepoint(-15.490, 38.021, 1.000), 4326) LIMIT 1), 2.463, ST_SetSRID(ST_GeomFromText('LINESTRINGZ(-15.490 40.484 1.000, -15.490 38.021 1.000)'), 4326), true);
INSERT INTO "navedge" (node_from_id, node_to_id, length_m, geom, is_accessible) VALUES ((SELECT id FROM "navnode" WHERE geom = ST_SetSRID(ST_Makepoint(49.456, 0.289, 1.000), 4326) LIMIT 1), (SELECT id FROM "navnode" WHERE geom = ST_SetSRID(ST_Makepoint(36.709, 0.289, 1.000), 4326) LIMIT 1), 12.747, ST_SetSRID(ST_GeomFromText('LINESTRINGZ(49.456 0.289 1.000, 36.709 0.289 1.000)'), 4326), true);
INSERT INTO "navedge" (node_from_id, node_to_id, length_m, geom, is_accessible) VALUES ((SELECT id FROM "navnode" WHERE geom = ST_SetSRID(ST_Makepoint(-2.789, 0.289, 1.000), 4326) LIMIT 1), (SELECT id FROM "navnode" WHERE geom = ST_SetSRID(ST_Makepoint(-15.506, 0.289, 1.000), 4326) LIMIT 1), 12.717, ST_SetSRID(ST_GeomFromText('LINESTRINGZ(-2.789 0.289 1.000, -15.506 0.289 1.000)'), 4326), true);
INSERT INTO "navedge" (node_from_id, node_to_id, length_m, geom, is_accessible) VALUES ((SELECT id FROM "navnode" WHERE geom = ST_SetSRID(ST_Makepoint(-15.506, 0.289, 1.000), 4326) LIMIT 1), (SELECT id FROM "navnode" WHERE geom = ST_SetSRID(ST_Makepoint(-28.182, 0.289, 1.000), 4326) LIMIT 1), 12.676, ST_SetSRID(ST_GeomFromText('LINESTRINGZ(-15.506 0.289 1.000, -28.182 0.289 1.000)'), 4326), true);
INSERT INTO "navedge" (node_from_id, node_to_id, length_m, geom, is_accessible) VALUES ((SELECT id FROM "navnode" WHERE geom = ST_SetSRID(ST_Makepoint(-15.506, 0.289, 1.000), 4326) LIMIT 1), (SELECT id FROM "navnode" WHERE geom = ST_SetSRID(ST_Makepoint(-15.506, 9.432, 1.000), 4326) LIMIT 1), 9.143, ST_SetSRID(ST_GeomFromText('LINESTRINGZ(-15.506 0.289 1.000, -15.506 9.432 1.000)'), 4326), true);
INSERT INTO "navedge" (node_from_id, node_to_id, length_m, geom, is_accessible) VALUES ((SELECT id FROM "navnode" WHERE geom = ST_SetSRID(ST_Makepoint(-48.015, 0.289, 1.000), 4326) LIMIT 1), (SELECT id FROM "navnode" WHERE geom = ST_SetSRID(ST_Makepoint(-48.015, 2.776, 1.000), 4326) LIMIT 1), 2.487, ST_SetSRID(ST_GeomFromText('LINESTRINGZ(-48.015 0.289 1.000, -48.015 2.776 1.000)'), 4326), true);
INSERT INTO "navedge" (node_from_id, node_to_id, length_m, geom, is_accessible) VALUES ((SELECT id FROM "navnode" WHERE geom = ST_SetSRID(ST_Makepoint(16.929, 0.289, 1.000), 4326) LIMIT 1), (SELECT id FROM "navnode" WHERE geom = ST_SetSRID(ST_Makepoint(16.929, 8.270, 1.000), 4326) LIMIT 1), 7.981, ST_SetSRID(ST_GeomFromText('LINESTRINGZ(16.929 0.289 1.000, 16.929 8.270 1.000)'), 4326), true);
INSERT INTO "navedge" (node_from_id, node_to_id, length_m, geom, is_accessible) VALUES ((SELECT id FROM "navnode" WHERE geom = ST_SetSRID(ST_Makepoint(16.929, 8.270, 1.000), 4326) LIMIT 1), (SELECT id FROM "navnode" WHERE geom = ST_SetSRID(ST_Makepoint(16.929, 20.717, 1.000), 4326) LIMIT 1), 12.448, ST_SetSRID(ST_GeomFromText('LINESTRINGZ(16.929 8.270 1.000, 16.929 20.717 1.000)'), 4326), true);
INSERT INTO "navedge" (node_from_id, node_to_id, length_m, geom, is_accessible) VALUES ((SELECT id FROM "navnode" WHERE geom = ST_SetSRID(ST_Makepoint(16.929, 8.270, 1.000), 4326) LIMIT 1), (SELECT id FROM "navnode" WHERE geom = ST_SetSRID(ST_Makepoint(7.784, 8.270, 1.000), 4326) LIMIT 1), 9.145, ST_SetSRID(ST_GeomFromText('LINESTRINGZ(16.929 8.270 1.000, 7.784 8.270 1.000)'), 4326), true);
INSERT INTO "navedge" (node_from_id, node_to_id, length_m, geom, is_accessible) VALUES ((SELECT id FROM "navnode" WHERE geom = ST_SetSRID(ST_Makepoint(7.784, 8.270, 1.000), 4326) LIMIT 1), (SELECT id FROM "navnode" WHERE geom = ST_SetSRID(ST_Makepoint(-14.311, 8.270, 1.000), 4326) LIMIT 1), 22.095, ST_SetSRID(ST_GeomFromText('LINESTRINGZ(7.784 8.270 1.000, -14.311 8.270 1.000)'), 4326), true);
INSERT INTO "navedge" (node_from_id, node_to_id, length_m, geom, is_accessible) VALUES ((SELECT id FROM "navnode" WHERE geom = ST_SetSRID(ST_Makepoint(-14.311, 8.270, 1.000), 4326) LIMIT 1), (SELECT id FROM "navnode" WHERE geom = ST_SetSRID(ST_Makepoint(-16.651, 8.270, 1.000), 4326) LIMIT 1), 2.341, ST_SetSRID(ST_GeomFromText('LINESTRINGZ(-14.311 8.270 1.000, -16.651 8.270 1.000)'), 4326), true);
INSERT INTO "navedge" (node_from_id, node_to_id, length_m, geom, is_accessible) VALUES ((SELECT id FROM "navnode" WHERE geom = ST_SetSRID(ST_Makepoint(-16.651, 8.270, 1.000), 4326) LIMIT 1), (SELECT id FROM "navnode" WHERE geom = ST_SetSRID(ST_Makepoint(-37.637, 8.270, 1.000), 4326) LIMIT 1), 20.985, ST_SetSRID(ST_GeomFromText('LINESTRINGZ(-16.651 8.270 1.000, -37.637 8.270 1.000)'), 4326), true);
INSERT INTO "navedge" (node_from_id, node_to_id, length_m, geom, is_accessible) VALUES ((SELECT id FROM "navnode" WHERE geom = ST_SetSRID(ST_Makepoint(-37.637, 8.270, 1.000), 4326) LIMIT 1), (SELECT id FROM "navnode" WHERE geom = ST_SetSRID(ST_Makepoint(-43.293, 8.270, 1.000), 4326) LIMIT 1), 5.657, ST_SetSRID(ST_GeomFromText('LINESTRINGZ(-37.637 8.270 1.000, -43.293 8.270 1.000)'), 4326), true);
INSERT INTO "navedge" (node_from_id, node_to_id, length_m, geom, is_accessible) VALUES ((SELECT id FROM "navnode" WHERE geom = ST_SetSRID(ST_Makepoint(60.552, 0.289, 1.000), 4326) LIMIT 1), (SELECT id FROM "navnode" WHERE geom = ST_SetSRID(ST_Makepoint(60.552, -20.724, 1.000), 4326) LIMIT 1), 21.013, ST_SetSRID(ST_GeomFromText('LINESTRINGZ(60.552 0.289 1.000, 60.552 -20.724 1.000)'), 4326), true);
INSERT INTO "navedge" (node_from_id, node_to_id, length_m, geom, is_accessible) VALUES ((SELECT id FROM "navnode" WHERE geom = ST_SetSRID(ST_Makepoint(-43.293, 8.270, 1.000), 4326) LIMIT 1), (SELECT id FROM "navnode" WHERE geom = ST_SetSRID(ST_Makepoint(-43.293, 6.615, 1.000), 4326) LIMIT 1), 1.655, ST_SetSRID(ST_GeomFromText('LINESTRINGZ(-43.293 8.270 1.000, -43.293 6.615 1.000)'), 4326), true);
INSERT INTO "navedge" (node_from_id, node_to_id, length_m, geom, is_accessible) VALUES ((SELECT id FROM "navnode" WHERE geom = ST_SetSRID(ST_Makepoint(60.552, -20.724, 1.000), 4326) LIMIT 1), (SELECT id FROM "navnode" WHERE geom = ST_SetSRID(ST_Makepoint(60.552, -37.042, 1.000), 4326) LIMIT 1), 16.319, ST_SetSRID(ST_GeomFromText('LINESTRINGZ(60.552 -20.724 1.000, 60.552 -37.042 1.000)'), 4326), true);
INSERT INTO "navedge" (node_from_id, node_to_id, length_m, geom, is_accessible) VALUES ((SELECT id FROM "navnode" WHERE geom = ST_SetSRID(ST_Makepoint(60.552, -37.042, 1.000), 4326) LIMIT 1), (SELECT id FROM "navnode" WHERE geom = ST_SetSRID(ST_Makepoint(60.552, -55.000, 1.000), 4326) LIMIT 1), 17.958, ST_SetSRID(ST_GeomFromText('LINESTRINGZ(60.552 -37.042 1.000, 60.552 -55.000 1.000)'), 4326), true);
INSERT INTO "navedge" (node_from_id, node_to_id, length_m, geom, is_accessible) VALUES ((SELECT id FROM "navnode" WHERE geom = ST_SetSRID(ST_Makepoint(60.552, -55.000, 1.000), 4326) LIMIT 1), (SELECT id FROM "navnode" WHERE geom = ST_SetSRID(ST_Makepoint(60.552, -56.417, 1.000), 4326) LIMIT 1), 1.416, ST_SetSRID(ST_GeomFromText('LINESTRINGZ(60.552 -55.000 1.000, 60.552 -56.417 1.000)'), 4326), true);
INSERT INTO "navedge" (node_from_id, node_to_id, length_m, geom, is_accessible) VALUES ((SELECT id FROM "navnode" WHERE geom = ST_SetSRID(ST_Makepoint(60.552, -56.417, 1.000), 4326) LIMIT 1), (SELECT id FROM "navnode" WHERE geom = ST_SetSRID(ST_Makepoint(36.702, -56.417, 1.000), 4326) LIMIT 1), 23.850, ST_SetSRID(ST_GeomFromText('LINESTRINGZ(60.552 -56.417 1.000, 36.702 -56.417 1.000)'), 4326), true);
INSERT INTO "navedge" (node_from_id, node_to_id, length_m, geom, is_accessible) VALUES ((SELECT id FROM "navnode" WHERE geom = ST_SetSRID(ST_Makepoint(36.702, -56.417, 1.000), 4326) LIMIT 1), (SELECT id FROM "navnode" WHERE geom = ST_SetSRID(ST_Makepoint(29.635, -56.417, 1.000), 4326) LIMIT 1), 7.067, ST_SetSRID(ST_GeomFromText('LINESTRINGZ(36.702 -56.417 1.000, 29.635 -56.417 1.000)'), 4326), true);
INSERT INTO "navedge" (node_from_id, node_to_id, length_m, geom, is_accessible) VALUES ((SELECT id FROM "navnode" WHERE geom = ST_SetSRID(ST_Makepoint(29.635, -56.417, 1.000), 4326) LIMIT 1), (SELECT id FROM "navnode" WHERE geom = ST_SetSRID(ST_Makepoint(4.223, -56.417, 1.000), 4326) LIMIT 1), 25.411, ST_SetSRID(ST_GeomFromText('LINESTRINGZ(29.635 -56.417 1.000, 4.223 -56.417 1.000)'), 4326), true);
INSERT INTO "navedge" (node_from_id, node_to_id, length_m, geom, is_accessible) VALUES ((SELECT id FROM "navnode" WHERE geom = ST_SetSRID(ST_Makepoint(4.223, -56.417, 1.000), 4326) LIMIT 1), (SELECT id FROM "navnode" WHERE geom = ST_SetSRID(ST_Makepoint(-2.871, -56.417, 1.000), 4326) LIMIT 1), 7.094, ST_SetSRID(ST_GeomFromText('LINESTRINGZ(4.223 -56.417 1.000, -2.871 -56.417 1.000)'), 4326), true);
INSERT INTO "navedge" (node_from_id, node_to_id, length_m, geom, is_accessible) VALUES ((SELECT id FROM "navnode" WHERE geom = ST_SetSRID(ST_Makepoint(-2.871, -56.417, 1.000), 4326) LIMIT 1), (SELECT id FROM "navnode" WHERE geom = ST_SetSRID(ST_Makepoint(-28.313, -56.417, 1.000), 4326) LIMIT 1), 25.442, ST_SetSRID(ST_GeomFromText('LINESTRINGZ(-2.871 -56.417 1.000, -28.313 -56.417 1.000)'), 4326), true);
INSERT INTO "navedge" (node_from_id, node_to_id, length_m, geom, is_accessible) VALUES ((SELECT id FROM "navnode" WHERE geom = ST_SetSRID(ST_Makepoint(-28.313, -56.417, 1.000), 4326) LIMIT 1), (SELECT id FROM "navnode" WHERE geom = ST_SetSRID(ST_Makepoint(-35.389, -56.417, 1.000), 4326) LIMIT 1), 7.075, ST_SetSRID(ST_GeomFromText('LINESTRINGZ(-28.313 -56.417 1.000, -35.389 -56.417 1.000)'), 4326), true);
INSERT INTO "navedge" (node_from_id, node_to_id, length_m, geom, is_accessible) VALUES ((SELECT id FROM "navnode" WHERE geom = ST_SetSRID(ST_Makepoint(-35.389, -56.417, 1.000), 4326) LIMIT 1), (SELECT id FROM "navnode" WHERE geom = ST_SetSRID(ST_Makepoint(-35.389, -54.152, 1.000), 4326) LIMIT 1), 2.264, ST_SetSRID(ST_GeomFromText('LINESTRINGZ(-35.389 -56.417 1.000, -35.389 -54.152 1.000)'), 4326), true);
INSERT INTO "navedge" (node_from_id, node_to_id, length_m, geom, is_accessible) VALUES ((SELECT id FROM "navnode" WHERE geom = ST_SetSRID(ST_Makepoint(-28.313, -56.417, 1.000), 4326) LIMIT 1), (SELECT id FROM "navnode" WHERE geom = ST_SetSRID(ST_Makepoint(-28.313, -54.041, 1.000), 4326) LIMIT 1), 2.375, ST_SetSRID(ST_GeomFromText('LINESTRINGZ(-28.313 -56.417 1.000, -28.313 -54.041 1.000)'), 4326), true);
INSERT INTO "navedge" (node_from_id, node_to_id, length_m, geom, is_accessible) VALUES ((SELECT id FROM "navnode" WHERE geom = ST_SetSRID(ST_Makepoint(-2.871, -56.417, 1.000), 4326) LIMIT 1), (SELECT id FROM "navnode" WHERE geom = ST_SetSRID(ST_Makepoint(-2.871, -54.041, 1.000), 4326) LIMIT 1), 2.375, ST_SetSRID(ST_GeomFromText('LINESTRINGZ(-2.871 -56.417 1.000, -2.871 -54.041 1.000)'), 4326), true);
INSERT INTO "navedge" (node_from_id, node_to_id, length_m, geom, is_accessible) VALUES ((SELECT id FROM "navnode" WHERE geom = ST_SetSRID(ST_Makepoint(4.223, -56.417, 1.000), 4326) LIMIT 1), (SELECT id FROM "navnode" WHERE geom = ST_SetSRID(ST_Makepoint(4.223, -53.985, 1.000), 4326) LIMIT 1), 2.431, ST_SetSRID(ST_GeomFromText('LINESTRINGZ(4.223 -56.417 1.000, 4.223 -53.985 1.000)'), 4326), true);
INSERT INTO "navedge" (node_from_id, node_to_id, length_m, geom, is_accessible) VALUES ((SELECT id FROM "navnode" WHERE geom = ST_SetSRID(ST_Makepoint(29.635, -56.417, 1.000), 4326) LIMIT 1), (SELECT id FROM "navnode" WHERE geom = ST_SetSRID(ST_Makepoint(29.635, -45.353, 1.000), 4326) LIMIT 1), 11.063, ST_SetSRID(ST_GeomFromText('LINESTRINGZ(29.635 -56.417 1.000, 29.635 -45.353 1.000)'), 4326), true);
INSERT INTO "navedge" (node_from_id, node_to_id, length_m, geom, is_accessible) VALUES ((SELECT id FROM "navnode" WHERE geom = ST_SetSRID(ST_Makepoint(36.702, -56.417, 1.000), 4326) LIMIT 1), (SELECT id FROM "navnode" WHERE geom = ST_SetSRID(ST_Makepoint(36.702, -45.449, 1.000), 4326) LIMIT 1), 10.967, ST_SetSRID(ST_GeomFromText('LINESTRINGZ(36.702 -56.417 1.000, 36.702 -45.449 1.000)'), 4326), true);
INSERT INTO "navedge" (node_from_id, node_to_id, length_m, geom, is_accessible) VALUES ((SELECT id FROM "navnode" WHERE geom = ST_SetSRID(ST_Makepoint(-28.182, 0.289, 1.000), 4326) LIMIT 1), (SELECT id FROM "navnode" WHERE geom = ST_SetSRID(ST_Makepoint(-35.273, 0.289, 1.000), 4326) LIMIT 1), 7.091, ST_SetSRID(ST_GeomFromText('LINESTRINGZ(-28.182 0.289 1.000, -35.273 0.289 1.000)'), 4326), true);
INSERT INTO "navedge" (node_from_id, node_to_id, length_m, geom, is_accessible) VALUES ((SELECT id FROM "navnode" WHERE geom = ST_SetSRID(ST_Makepoint(-48.015, 0.289, 1.000), 4326) LIMIT 1), (SELECT id FROM "navnode" WHERE geom = ST_SetSRID(ST_Makepoint(-35.273, 0.289, 1.000), 4326) LIMIT 1), 12.742, ST_SetSRID(ST_GeomFromText('LINESTRINGZ(-48.015 0.289 1.000, -35.273 0.289 1.000)'), 4326), true);
INSERT INTO "navedge" (node_from_id, node_to_id, length_m, geom, is_accessible) VALUES ((SELECT id FROM "navnode" WHERE geom = ST_SetSRID(ST_Makepoint(-35.273, 0.289, 1.000), 4326) LIMIT 1), (SELECT id FROM "navnode" WHERE geom = ST_SetSRID(ST_Makepoint(-35.273, -5.906, 1.000), 4326) LIMIT 1), 6.196, ST_SetSRID(ST_GeomFromText('LINESTRINGZ(-35.273 0.289 1.000, -35.273 -5.906 1.000)'), 4326), true);
INSERT INTO "navedge" (node_from_id, node_to_id, length_m, geom, is_accessible) VALUES ((SELECT id FROM "navnode" WHERE geom = ST_SetSRID(ST_Makepoint(-28.182, 0.289, 1.000), 4326) LIMIT 1), (SELECT id FROM "navnode" WHERE geom = ST_SetSRID(ST_Makepoint(-28.182, -6.130, 1.000), 4326) LIMIT 1), 6.419, ST_SetSRID(ST_GeomFromText('LINESTRINGZ(-28.182 0.289 1.000, -28.182 -6.130 1.000)'), 4326), true);
INSERT INTO "navedge" (node_from_id, node_to_id, length_m, geom, is_accessible) VALUES ((SELECT id FROM "navnode" WHERE geom = ST_SetSRID(ST_Makepoint(4.245, 0.289, 1.000), 4326) LIMIT 1), (SELECT id FROM "navnode" WHERE geom = ST_SetSRID(ST_Makepoint(-2.789, 0.289, 1.000), 4326) LIMIT 1), 7.034, ST_SetSRID(ST_GeomFromText('LINESTRINGZ(4.245 0.289 1.000, -2.789 0.289 1.000)'), 4326), true);
INSERT INTO "navedge" (node_from_id, node_to_id, length_m, geom, is_accessible) VALUES ((SELECT id FROM "navnode" WHERE geom = ST_SetSRID(ST_Makepoint(16.929, 0.289, 1.000), 4326) LIMIT 1), (SELECT id FROM "navnode" WHERE geom = ST_SetSRID(ST_Makepoint(4.245, 0.289, 1.000), 4326) LIMIT 1), 12.683, ST_SetSRID(ST_GeomFromText('LINESTRINGZ(16.929 0.289 1.000, 4.245 0.289 1.000)'), 4326), true);
INSERT INTO "navedge" (node_from_id, node_to_id, length_m, geom, is_accessible) VALUES ((SELECT id FROM "navnode" WHERE geom = ST_SetSRID(ST_Makepoint(4.245, 0.289, 1.000), 4326) LIMIT 1), (SELECT id FROM "navnode" WHERE geom = ST_SetSRID(ST_Makepoint(16.929, 0.289, 1.000), 4326) LIMIT 1), 12.683, ST_SetSRID(ST_GeomFromText('LINESTRINGZ(4.245 0.289 1.000, 16.929 0.289 1.000)'), 4326), true);
INSERT INTO "navedge" (node_from_id, node_to_id, length_m, geom, is_accessible) VALUES ((SELECT id FROM "navnode" WHERE geom = ST_SetSRID(ST_Makepoint(16.929, 0.289, 1.000), 4326) LIMIT 1), (SELECT id FROM "navnode" WHERE geom = ST_SetSRID(ST_Makepoint(16.929, 0.289, 1.000), 4326) LIMIT 1), 0.000, ST_SetSRID(ST_GeomFromText('LINESTRINGZ(16.929 0.289 1.000, 16.929 0.289 1.000)'), 4326), true);
INSERT INTO "navedge" (node_from_id, node_to_id, length_m, geom, is_accessible) VALUES ((SELECT id FROM "navnode" WHERE geom = ST_SetSRID(ST_Makepoint(-2.789, 0.289, 1.000), 4326) LIMIT 1), (SELECT id FROM "navnode" WHERE geom = ST_SetSRID(ST_Makepoint(-2.789, -6.031, 1.000), 4326) LIMIT 1), 6.320, ST_SetSRID(ST_GeomFromText('LINESTRINGZ(-2.789 0.289 1.000, -2.789 -6.031 1.000)'), 4326), true);
INSERT INTO "navedge" (node_from_id, node_to_id, length_m, geom, is_accessible) VALUES ((SELECT id FROM "navnode" WHERE geom = ST_SetSRID(ST_Makepoint(4.245, 0.289, 1.000), 4326) LIMIT 1), (SELECT id FROM "navnode" WHERE geom = ST_SetSRID(ST_Makepoint(4.245, -5.936, 1.000), 4326) LIMIT 1), 6.225, ST_SetSRID(ST_GeomFromText('LINESTRINGZ(4.245 0.289 1.000, 4.245 -5.936 1.000)'), 4326), true);
INSERT INTO "navedge" (node_from_id, node_to_id, length_m, geom, is_accessible) VALUES ((SELECT id FROM "navnode" WHERE geom = ST_SetSRID(ST_Makepoint(36.709, 0.289, 1.000), 4326) LIMIT 1), (SELECT id FROM "navnode" WHERE geom = ST_SetSRID(ST_Makepoint(29.693, 0.289, 1.000), 4326) LIMIT 1), 7.017, ST_SetSRID(ST_GeomFromText('LINESTRINGZ(36.709 0.289 1.000, 29.693 0.289 1.000)'), 4326), true);
INSERT INTO "navedge" (node_from_id, node_to_id, length_m, geom, is_accessible) VALUES ((SELECT id FROM "navnode" WHERE geom = ST_SetSRID(ST_Makepoint(16.929, 0.289, 1.000), 4326) LIMIT 1), (SELECT id FROM "navnode" WHERE geom = ST_SetSRID(ST_Makepoint(29.693, 0.289, 1.000), 4326) LIMIT 1), 12.764, ST_SetSRID(ST_GeomFromText('LINESTRINGZ(16.929 0.289 1.000, 29.693 0.289 1.000)'), 4326), true);
INSERT INTO "navedge" (node_from_id, node_to_id, length_m, geom, is_accessible) VALUES ((SELECT id FROM "navnode" WHERE geom = ST_SetSRID(ST_Makepoint(29.693, 0.289, 1.000), 4326) LIMIT 1), (SELECT id FROM "navnode" WHERE geom = ST_SetSRID(ST_Makepoint(16.929, 0.289, 1.000), 4326) LIMIT 1), 12.764, ST_SetSRID(ST_GeomFromText('LINESTRINGZ(29.693 0.289 1.000, 16.929 0.289 1.000)'), 4326), true);
INSERT INTO "navedge" (node_from_id, node_to_id, length_m, geom, is_accessible) VALUES ((SELECT id FROM "navnode" WHERE geom = ST_SetSRID(ST_Makepoint(29.693, 0.289, 1.000), 4326) LIMIT 1), (SELECT id FROM "navnode" WHERE geom = ST_SetSRID(ST_Makepoint(29.693, -5.906, 1.000), 4326) LIMIT 1), 6.196, ST_SetSRID(ST_GeomFromText('LINESTRINGZ(29.693 0.289 1.000, 29.693 -5.906 1.000)'), 4326), true);
INSERT INTO "navedge" (node_from_id, node_to_id, length_m, geom, is_accessible) VALUES ((SELECT id FROM "navnode" WHERE geom = ST_SetSRID(ST_Makepoint(36.709, 0.289, 1.000), 4326) LIMIT 1), (SELECT id FROM "navnode" WHERE geom = ST_SetSRID(ST_Makepoint(36.709, -5.906, 1.000), 4326) LIMIT 1), 6.196, ST_SetSRID(ST_GeomFromText('LINESTRINGZ(36.709 0.289 1.000, 36.709 -5.906 1.000)'), 4326), true);
INSERT INTO "navedge" (node_from_id, node_to_id, length_m, geom, is_accessible) VALUES ((SELECT id FROM "navnode" WHERE geom = ST_SetSRID(ST_Makepoint(49.456, 0.289, 1.000), 4326) LIMIT 1), (SELECT id FROM "navnode" WHERE geom = ST_SetSRID(ST_Makepoint(49.456, 2.808, 1.000), 4326) LIMIT 1), 2.519, ST_SetSRID(ST_GeomFromText('LINESTRINGZ(49.456 0.289 1.000, 49.456 2.808 1.000)'), 4326), true);
INSERT INTO "navedge" (node_from_id, node_to_id, length_m, geom, is_accessible) VALUES ((SELECT id FROM "navnode" WHERE geom = ST_SetSRID(ST_Makepoint(78.118, -4.660, 1.000), 4326) LIMIT 1), (SELECT id FROM "navnode" WHERE geom = ST_SetSRID(ST_Makepoint(72.672, -4.660, 1.000), 4326) LIMIT 1), 5.446, ST_SetSRID(ST_GeomFromText('LINESTRINGZ(78.118 -4.660 1.000, 72.672 -4.660 1.000)'), 4326), true);
INSERT INTO "navedge" (node_from_id, node_to_id, length_m, geom, is_accessible) VALUES ((SELECT id FROM "navnode" WHERE geom = ST_SetSRID(ST_Makepoint(78.118, 50.151, 1.000), 4326) LIMIT 1), (SELECT id FROM "navnode" WHERE geom = ST_SetSRID(ST_Makepoint(78.118, -4.660, 1.000), 4326) LIMIT 1), 54.810, ST_SetSRID(ST_GeomFromText('LINESTRINGZ(78.118 50.151 1.000, 78.118 -4.660 1.000)'), 4326), true);
INSERT INTO "navedge" (node_from_id, node_to_id, length_m, geom, is_accessible) VALUES ((SELECT id FROM "navnode" WHERE geom = ST_SetSRID(ST_Makepoint(-27.091, 50.151, 1.000), 4326) LIMIT 1), (SELECT id FROM "navnode" WHERE geom = ST_SetSRID(ST_Makepoint(78.118, 50.151, 1.000), 4326) LIMIT 1), 105.209, ST_SetSRID(ST_GeomFromText('LINESTRINGZ(-27.091 50.151 1.000, 78.118 50.151 1.000)'), 4326), true);
INSERT INTO "navedge" (node_from_id, node_to_id, length_m, geom, is_accessible) VALUES ((SELECT id FROM "navnode" WHERE geom = ST_SetSRID(ST_Makepoint(-27.091, 61.178, 1.000), 4326) LIMIT 1), (SELECT id FROM "navnode" WHERE geom = ST_SetSRID(ST_Makepoint(-27.091, 50.151, 1.000), 4326) LIMIT 1), 11.027, ST_SetSRID(ST_GeomFromText('LINESTRINGZ(-27.091 61.178 1.000, -27.091 50.151 1.000)'), 4326), true);
INSERT INTO "navedge" (node_from_id, node_to_id, length_m, geom, is_accessible) VALUES ((SELECT id FROM "navnode" WHERE geom = ST_SetSRID(ST_Makepoint(-67.556, 61.178, 1.000), 4326) LIMIT 1), (SELECT id FROM "navnode" WHERE geom = ST_SetSRID(ST_Makepoint(-27.091, 61.178, 1.000), 4326) LIMIT 1), 40.464, ST_SetSRID(ST_GeomFromText('LINESTRINGZ(-67.556 61.178 1.000, -27.091 61.178 1.000)'), 4326), true);
INSERT INTO "navedge" (node_from_id, node_to_id, length_m, geom, is_accessible) VALUES ((SELECT id FROM "navnode" WHERE geom = ST_SetSRID(ST_Makepoint(-67.556, 19.266, 1.000), 4326) LIMIT 1), (SELECT id FROM "navnode" WHERE geom = ST_SetSRID(ST_Makepoint(-67.556, 61.178, 1.000), 4326) LIMIT 1), 41.912, ST_SetSRID(ST_GeomFromText('LINESTRINGZ(-67.556 19.266 1.000, -67.556 61.178 1.000)'), 4326), true);

-- pois (Prefix: POI_)
INSERT INTO "poi" (type, is_entry_point, geom, floor_id) VALUES ('Accueil', false, ST_SetSRID(ST_Makepoint(72.672, -4.710, 1.704), 4326), (SELECT id FROM "floor" WHERE level_index = 1 LIMIT 1));
INSERT INTO "poitranslation" (poi_id, lang_code, label) VALUES ((SELECT id FROM "poi" WHERE geom = ST_SetSRID(ST_Makepoint(72.672, -4.710, 1.704), 4326) AND type = 'Accueil' LIMIT 1), 'fr', 'Accueil');
INSERT INTO "poi" (type, is_entry_point, geom, floor_id) VALUES ('Cons1', false, ST_SetSRID(ST_Makepoint(70.071, 20.377, 1.704), 4326), (SELECT id FROM "floor" WHERE level_index = 1 LIMIT 1));
INSERT INTO "poitranslation" (poi_id, lang_code, label) VALUES ((SELECT id FROM "poi" WHERE geom = ST_SetSRID(ST_Makepoint(70.071, 20.377, 1.704), 4326) AND type = 'Cons1' LIMIT 1), 'fr', 'Cons1');
INSERT INTO "poi" (type, is_entry_point, geom, floor_id) VALUES ('Cons2', false, ST_SetSRID(ST_Makepoint(70.058, 28.348, 1.704), 4326), (SELECT id FROM "floor" WHERE level_index = 1 LIMIT 1));
INSERT INTO "poitranslation" (poi_id, lang_code, label) VALUES ((SELECT id FROM "poi" WHERE geom = ST_SetSRID(ST_Makepoint(70.058, 28.348, 1.704), 4326) AND type = 'Cons2' LIMIT 1), 'fr', 'Cons2');
INSERT INTO "poi" (type, is_entry_point, geom, floor_id) VALUES ('Reedu1', false, ST_SetSRID(ST_Makepoint(52.926, 38.055, 1.704), 4326), (SELECT id FROM "floor" WHERE level_index = 1 LIMIT 1));
INSERT INTO "poitranslation" (poi_id, lang_code, label) VALUES ((SELECT id FROM "poi" WHERE geom = ST_SetSRID(ST_Makepoint(52.926, 38.055, 1.704), 4326) AND type = 'Reedu1' LIMIT 1), 'fr', 'Reedu1');
INSERT INTO "poi" (type, is_entry_point, geom, floor_id) VALUES ('Reedu2', false, ST_SetSRID(ST_Makepoint(45.953, 38.001, 1.704), 4326), (SELECT id FROM "floor" WHERE level_index = 1 LIMIT 1));
INSERT INTO "poitranslation" (poi_id, lang_code, label) VALUES ((SELECT id FROM "poi" WHERE geom = ST_SetSRID(ST_Makepoint(45.953, 38.001, 1.704), 4326) AND type = 'Reedu2' LIMIT 1), 'fr', 'Reedu2');
INSERT INTO "poi" (type, is_entry_point, geom, floor_id) VALUES ('Radiologie', false, ST_SetSRID(ST_Makepoint(16.931, 37.884, 1.704), 4326), (SELECT id FROM "floor" WHERE level_index = 1 LIMIT 1));
INSERT INTO "poitranslation" (poi_id, lang_code, label) VALUES ((SELECT id FROM "poi" WHERE geom = ST_SetSRID(ST_Makepoint(16.931, 37.884, 1.704), 4326) AND type = 'Radiologie' LIMIT 1), 'fr', 'Radiologie');
INSERT INTO "poi" (type, is_entry_point, geom, floor_id) VALUES ('HopJour', false, ST_SetSRID(ST_Makepoint(-15.490, 37.970, 1.704), 4326), (SELECT id FROM "floor" WHERE level_index = 1 LIMIT 1));
INSERT INTO "poitranslation" (poi_id, lang_code, label) VALUES ((SELECT id FROM "poi" WHERE geom = ST_SetSRID(ST_Makepoint(-15.490, 37.970, 1.704), 4326) AND type = 'HopJour' LIMIT 1), 'fr', 'HopJour');
INSERT INTO "poi" (type, is_entry_point, geom, floor_id) VALUES ('Urgences.002', false, ST_SetSRID(ST_Makepoint(-43.235, 40.433, 1.704), 4326), (SELECT id FROM "floor" WHERE level_index = 1 LIMIT 1));
INSERT INTO "poitranslation" (poi_id, lang_code, label) VALUES ((SELECT id FROM "poi" WHERE geom = ST_SetSRID(ST_Makepoint(-43.235, 40.433, 1.704), 4326) AND type = 'Urgences.002' LIMIT 1), 'fr', 'Urgences.002');
INSERT INTO "poi" (type, is_entry_point, geom, floor_id) VALUES ('Urgences.001', false, ST_SetSRID(ST_Makepoint(-48.015, 2.725, 1.704), 4326), (SELECT id FROM "floor" WHERE level_index = 1 LIMIT 1));
INSERT INTO "poitranslation" (poi_id, lang_code, label) VALUES ((SELECT id FROM "poi" WHERE geom = ST_SetSRID(ST_Makepoint(-48.015, 2.725, 1.704), 4326) AND type = 'Urgences.001' LIMIT 1), 'fr', 'Urgences.001');
INSERT INTO "poi" (type, is_entry_point, geom, floor_id) VALUES ('Urgences', false, ST_SetSRID(ST_Makepoint(-67.556, 19.215, 1.704), 4326), (SELECT id FROM "floor" WHERE level_index = 1 LIMIT 1));
INSERT INTO "poitranslation" (poi_id, lang_code, label) VALUES ((SELECT id FROM "poi" WHERE geom = ST_SetSRID(ST_Makepoint(-67.556, 19.215, 1.704), 4326) AND type = 'Urgences' LIMIT 1), 'fr', 'Urgences');
INSERT INTO "poi" (type, is_entry_point, geom, floor_id) VALUES ('Urgences.003', false, ST_SetSRID(ST_Makepoint(-43.293, 8.219, 1.704), 4326), (SELECT id FROM "floor" WHERE level_index = 1 LIMIT 1));
INSERT INTO "poitranslation" (poi_id, lang_code, label) VALUES ((SELECT id FROM "poi" WHERE geom = ST_SetSRID(ST_Makepoint(-43.293, 8.219, 1.704), 4326) AND type = 'Urgences.003' LIMIT 1), 'fr', 'Urgences.003');
INSERT INTO "poi" (type, is_entry_point, geom, floor_id) VALUES ('HopJour.001', false, ST_SetSRID(ST_Makepoint(-15.506, 9.381, 1.704), 4326), (SELECT id FROM "floor" WHERE level_index = 1 LIMIT 1));
INSERT INTO "poitranslation" (poi_id, lang_code, label) VALUES ((SELECT id FROM "poi" WHERE geom = ST_SetSRID(ST_Makepoint(-15.506, 9.381, 1.704), 4326) AND type = 'HopJour.001' LIMIT 1), 'fr', 'HopJour.001');
INSERT INTO "poi" (type, is_entry_point, geom, floor_id) VALUES ('Radiologie.001', false, ST_SetSRID(ST_Makepoint(16.929, 20.667, 1.704), 4326), (SELECT id FROM "floor" WHERE level_index = 1 LIMIT 1));
INSERT INTO "poitranslation" (poi_id, lang_code, label) VALUES ((SELECT id FROM "poi" WHERE geom = ST_SetSRID(ST_Makepoint(16.929, 20.667, 1.704), 4326) AND type = 'Radiologie.001' LIMIT 1), 'fr', 'Radiologie.001');
INSERT INTO "poi" (type, is_entry_point, geom, floor_id) VALUES ('Reedu', false, ST_SetSRID(ST_Makepoint(49.456, 2.758, 1.704), 4326), (SELECT id FROM "floor" WHERE level_index = 1 LIMIT 1));
INSERT INTO "poitranslation" (poi_id, lang_code, label) VALUES ((SELECT id FROM "poi" WHERE geom = ST_SetSRID(ST_Makepoint(49.456, 2.758, 1.704), 4326) AND type = 'Reedu' LIMIT 1), 'fr', 'Reedu');
INSERT INTO "poi" (type, is_entry_point, geom, floor_id) VALUES ('Administration', false, ST_SetSRID(ST_Makepoint(60.552, -20.774, 1.704), 4326), (SELECT id FROM "floor" WHERE level_index = 1 LIMIT 1));
INSERT INTO "poitranslation" (poi_id, lang_code, label) VALUES ((SELECT id FROM "poi" WHERE geom = ST_SetSRID(ST_Makepoint(60.552, -20.774, 1.704), 4326) AND type = 'Administration' LIMIT 1), 'fr', 'Administration');
INSERT INTO "poi" (type, is_entry_point, geom, floor_id) VALUES ('Pediatrie', false, ST_SetSRID(ST_Makepoint(29.693, -5.957, 1.704), 4326), (SELECT id FROM "floor" WHERE level_index = 1 LIMIT 1));
INSERT INTO "poitranslation" (poi_id, lang_code, label) VALUES ((SELECT id FROM "poi" WHERE geom = ST_SetSRID(ST_Makepoint(29.693, -5.957, 1.704), 4326) AND type = 'Pediatrie' LIMIT 1), 'fr', 'Pediatrie');
INSERT INTO "poi" (type, is_entry_point, geom, floor_id) VALUES ('Pediatrie.001', false, ST_SetSRID(ST_Makepoint(36.709, -5.957, 1.704), 4326), (SELECT id FROM "floor" WHERE level_index = 1 LIMIT 1));
INSERT INTO "poitranslation" (poi_id, lang_code, label) VALUES ((SELECT id FROM "poi" WHERE geom = ST_SetSRID(ST_Makepoint(36.709, -5.957, 1.704), 4326) AND type = 'Pediatrie.001' LIMIT 1), 'fr', 'Pediatrie.001');
INSERT INTO "poi" (type, is_entry_point, geom, floor_id) VALUES ('Pediatrie.002', false, ST_SetSRID(ST_Makepoint(36.702, -45.500, 1.704), 4326), (SELECT id FROM "floor" WHERE level_index = 1 LIMIT 1));
INSERT INTO "poitranslation" (poi_id, lang_code, label) VALUES ((SELECT id FROM "poi" WHERE geom = ST_SetSRID(ST_Makepoint(36.702, -45.500, 1.704), 4326) AND type = 'Pediatrie.002' LIMIT 1), 'fr', 'Pediatrie.002');
INSERT INTO "poi" (type, is_entry_point, geom, floor_id) VALUES ('Pediatrie.003', false, ST_SetSRID(ST_Makepoint(29.635, -45.404, 1.704), 4326), (SELECT id FROM "floor" WHERE level_index = 1 LIMIT 1));
INSERT INTO "poitranslation" (poi_id, lang_code, label) VALUES ((SELECT id FROM "poi" WHERE geom = ST_SetSRID(ST_Makepoint(29.635, -45.404, 1.704), 4326) AND type = 'Pediatrie.003' LIMIT 1), 'fr', 'Pediatrie.003');
INSERT INTO "poi" (type, is_entry_point, geom, floor_id) VALUES ('Hospitalisation1', false, ST_SetSRID(ST_Makepoint(-2.789, -6.082, 1.704), 4326), (SELECT id FROM "floor" WHERE level_index = 1 LIMIT 1));
INSERT INTO "poitranslation" (poi_id, lang_code, label) VALUES ((SELECT id FROM "poi" WHERE geom = ST_SetSRID(ST_Makepoint(-2.789, -6.082, 1.704), 4326) AND type = 'Hospitalisation1' LIMIT 1), 'fr', 'Hospitalisation1');
INSERT INTO "poi" (type, is_entry_point, geom, floor_id) VALUES ('Hospitalisation1.001', false, ST_SetSRID(ST_Makepoint(4.245, -5.987, 1.704), 4326), (SELECT id FROM "floor" WHERE level_index = 1 LIMIT 1));
INSERT INTO "poitranslation" (poi_id, lang_code, label) VALUES ((SELECT id FROM "poi" WHERE geom = ST_SetSRID(ST_Makepoint(4.245, -5.987, 1.704), 4326) AND type = 'Hospitalisation1.001' LIMIT 1), 'fr', 'Hospitalisation1.001');
INSERT INTO "poi" (type, is_entry_point, geom, floor_id) VALUES ('Hospitalisation1.002', false, ST_SetSRID(ST_Makepoint(4.223, -54.036, 1.704), 4326), (SELECT id FROM "floor" WHERE level_index = 1 LIMIT 1));
INSERT INTO "poitranslation" (poi_id, lang_code, label) VALUES ((SELECT id FROM "poi" WHERE geom = ST_SetSRID(ST_Makepoint(4.223, -54.036, 1.704), 4326) AND type = 'Hospitalisation1.002' LIMIT 1), 'fr', 'Hospitalisation1.002');
INSERT INTO "poi" (type, is_entry_point, geom, floor_id) VALUES ('Hospitalisation1.003', false, ST_SetSRID(ST_Makepoint(-2.871, -54.092, 1.704), 4326), (SELECT id FROM "floor" WHERE level_index = 1 LIMIT 1));
INSERT INTO "poitranslation" (poi_id, lang_code, label) VALUES ((SELECT id FROM "poi" WHERE geom = ST_SetSRID(ST_Makepoint(-2.871, -54.092, 1.704), 4326) AND type = 'Hospitalisation1.003' LIMIT 1), 'fr', 'Hospitalisation1.003');
INSERT INTO "poi" (type, is_entry_point, geom, floor_id) VALUES ('Hospitalisation2', false, ST_SetSRID(ST_Makepoint(-35.273, -5.957, 1.704), 4326), (SELECT id FROM "floor" WHERE level_index = 1 LIMIT 1));
INSERT INTO "poitranslation" (poi_id, lang_code, label) VALUES ((SELECT id FROM "poi" WHERE geom = ST_SetSRID(ST_Makepoint(-35.273, -5.957, 1.704), 4326) AND type = 'Hospitalisation2' LIMIT 1), 'fr', 'Hospitalisation2');
INSERT INTO "poi" (type, is_entry_point, geom, floor_id) VALUES ('Hospitalisation2.001', false, ST_SetSRID(ST_Makepoint(-28.182, -6.181, 1.704), 4326), (SELECT id FROM "floor" WHERE level_index = 1 LIMIT 1));
INSERT INTO "poitranslation" (poi_id, lang_code, label) VALUES ((SELECT id FROM "poi" WHERE geom = ST_SetSRID(ST_Makepoint(-28.182, -6.181, 1.704), 4326) AND type = 'Hospitalisation2.001' LIMIT 1), 'fr', 'Hospitalisation2.001');
INSERT INTO "poi" (type, is_entry_point, geom, floor_id) VALUES ('Hospitalisation2.002', false, ST_SetSRID(ST_Makepoint(-28.313, -54.092, 1.704), 4326), (SELECT id FROM "floor" WHERE level_index = 1 LIMIT 1));
INSERT INTO "poitranslation" (poi_id, lang_code, label) VALUES ((SELECT id FROM "poi" WHERE geom = ST_SetSRID(ST_Makepoint(-28.313, -54.092, 1.704), 4326) AND type = 'Hospitalisation2.002' LIMIT 1), 'fr', 'Hospitalisation2.002');
INSERT INTO "poi" (type, is_entry_point, geom, floor_id) VALUES ('Hospitalisation2.003', false, ST_SetSRID(ST_Makepoint(-35.389, -54.203, 1.704), 4326), (SELECT id FROM "floor" WHERE level_index = 1 LIMIT 1));
INSERT INTO "poitranslation" (poi_id, lang_code, label) VALUES ((SELECT id FROM "poi" WHERE geom = ST_SetSRID(ST_Makepoint(-35.389, -54.203, 1.704), 4326) AND type = 'Hospitalisation2.003' LIMIT 1), 'fr', 'Hospitalisation2.003');

COMMIT;
