--
-- PostgreSQL database dump
--

\restrict Ef5qV7dbP8J1xUg7j28nyF5QVvZ0G4aX9P4fbqh7dYQ8ygl1FZdTuqCF2toYCnU

-- Dumped from database version 18.1 (Ubuntu 18.1-1.pgdg24.04+2)
-- Dumped by pg_dump version 18.1

-- Started on 2025-12-09 23:44:44 GMT

SET statement_timeout = 0;
SET lock_timeout = 0;
SET idle_in_transaction_session_timeout = 0;
SET transaction_timeout = 0;
SET client_encoding = 'UTF8';
SET standard_conforming_strings = on;
SELECT pg_catalog.set_config('search_path', '', false);
SET check_function_bodies = false;
SET xmloption = content;
SET client_min_messages = warning;
SET row_security = off;

DROP DATABASE IF EXISTS lochops;
--
-- TOC entry 4968 (class 1262 OID 16385)
-- Name: lochops; Type: DATABASE; Schema: -; Owner: mg4
--

CREATE DATABASE lochops WITH TEMPLATE = template0 ENCODING = 'UTF8' LOCALE_PROVIDER = libc LOCALE = 'fr_FR.UTF-8';


ALTER DATABASE lochops OWNER TO mg4;

\unrestrict Ef5qV7dbP8J1xUg7j28nyF5QVvZ0G4aX9P4fbqh7dYQ8ygl1FZdTuqCF2toYCnU
\connect lochops
\restrict Ef5qV7dbP8J1xUg7j28nyF5QVvZ0G4aX9P4fbqh7dYQ8ygl1FZdTuqCF2toYCnU

SET statement_timeout = 0;
SET lock_timeout = 0;
SET idle_in_transaction_session_timeout = 0;
SET transaction_timeout = 0;
SET client_encoding = 'UTF8';
SET standard_conforming_strings = on;
SELECT pg_catalog.set_config('search_path', '', false);
SET check_function_bodies = false;
SET xmloption = content;
SET client_min_messages = warning;
SET row_security = off;

--
-- TOC entry 2 (class 3079 OID 16902)
-- Name: postgis; Type: EXTENSION; Schema: -; Owner: -
--

CREATE EXTENSION IF NOT EXISTS postgis WITH SCHEMA public;


--
-- TOC entry 4969 (class 0 OID 0)
-- Dependencies: 2
-- Name: EXTENSION postgis; Type: COMMENT; Schema: -; Owner: 
--

COMMENT ON EXTENSION postgis IS 'PostGIS geometry and geography spatial types and functions';


--
-- TOC entry 3 (class 3079 OID 20973)
-- Name: pgrouting; Type: EXTENSION; Schema: -; Owner: -
--

CREATE EXTENSION IF NOT EXISTS pgrouting WITH SCHEMA public;


--
-- TOC entry 4970 (class 0 OID 0)
-- Dependencies: 3
-- Name: EXTENSION pgrouting; Type: COMMENT; Schema: -; Owner: 
--

COMMENT ON EXTENSION pgrouting IS 'pgRouting Extension';


--
-- TOC entry 622 (class 1255 OID 22744)
-- Name: calculate_path(integer, integer); Type: FUNCTION; Schema: public; Owner: mg4
--

CREATE FUNCTION public.calculate_path(start_node_id integer, end_node_id integer) RETURNS TABLE(seq integer, node_id bigint, edge_id bigint, cost double precision, agg_cost double precision)
    LANGUAGE plpgsql
    AS $$
        BEGIN
            RETURN QUERY
            SELECT
                d.seq,
                d.node AS node_id,
                d.edge AS edge_id,
                d.cost,
                d.agg_cost
            FROM pgr_dijkstra(
                'SELECT id, source, target, weight as cost FROM navedge',
                start_node_id,
                end_node_id,
                directed := false
            ) AS d;
        END;
        $$;


ALTER FUNCTION public.calculate_path(start_node_id integer, end_node_id integer) OWNER TO mg4;

SET default_tablespace = '';

SET default_table_access_method = heap;

--
-- TOC entry 242 (class 1259 OID 20812)
-- Name: auth_group; Type: TABLE; Schema: public; Owner: mg4
--

CREATE TABLE public.auth_group (
    id integer NOT NULL,
    name character varying(150) NOT NULL
);


ALTER TABLE public.auth_group OWNER TO mg4;

--
-- TOC entry 241 (class 1259 OID 20811)
-- Name: auth_group_id_seq; Type: SEQUENCE; Schema: public; Owner: mg4
--

ALTER TABLE public.auth_group ALTER COLUMN id ADD GENERATED BY DEFAULT AS IDENTITY (
    SEQUENCE NAME public.auth_group_id_seq
    START WITH 1
    INCREMENT BY 1
    NO MINVALUE
    NO MAXVALUE
    CACHE 1
);


--
-- TOC entry 244 (class 1259 OID 20822)
-- Name: auth_group_permissions; Type: TABLE; Schema: public; Owner: mg4
--

CREATE TABLE public.auth_group_permissions (
    id bigint NOT NULL,
    group_id integer NOT NULL,
    permission_id integer NOT NULL
);


ALTER TABLE public.auth_group_permissions OWNER TO mg4;

--
-- TOC entry 243 (class 1259 OID 20821)
-- Name: auth_group_permissions_id_seq; Type: SEQUENCE; Schema: public; Owner: mg4
--

ALTER TABLE public.auth_group_permissions ALTER COLUMN id ADD GENERATED BY DEFAULT AS IDENTITY (
    SEQUENCE NAME public.auth_group_permissions_id_seq
    START WITH 1
    INCREMENT BY 1
    NO MINVALUE
    NO MAXVALUE
    CACHE 1
);


--
-- TOC entry 240 (class 1259 OID 20802)
-- Name: auth_permission; Type: TABLE; Schema: public; Owner: mg4
--

CREATE TABLE public.auth_permission (
    id integer NOT NULL,
    name character varying(255) NOT NULL,
    content_type_id integer NOT NULL,
    codename character varying(100) NOT NULL
);


ALTER TABLE public.auth_permission OWNER TO mg4;

--
-- TOC entry 239 (class 1259 OID 20801)
-- Name: auth_permission_id_seq; Type: SEQUENCE; Schema: public; Owner: mg4
--

ALTER TABLE public.auth_permission ALTER COLUMN id ADD GENERATED BY DEFAULT AS IDENTITY (
    SEQUENCE NAME public.auth_permission_id_seq
    START WITH 1
    INCREMENT BY 1
    NO MINVALUE
    NO MAXVALUE
    CACHE 1
);


--
-- TOC entry 246 (class 1259 OID 20831)
-- Name: auth_user; Type: TABLE; Schema: public; Owner: mg4
--

CREATE TABLE public.auth_user (
    id integer NOT NULL,
    password character varying(128) NOT NULL,
    last_login timestamp with time zone,
    is_superuser boolean NOT NULL,
    username character varying(150) NOT NULL,
    first_name character varying(150) NOT NULL,
    last_name character varying(150) NOT NULL,
    email character varying(254) NOT NULL,
    is_staff boolean NOT NULL,
    is_active boolean NOT NULL,
    date_joined timestamp with time zone NOT NULL
);


ALTER TABLE public.auth_user OWNER TO mg4;

--
-- TOC entry 248 (class 1259 OID 20850)
-- Name: auth_user_groups; Type: TABLE; Schema: public; Owner: mg4
--

CREATE TABLE public.auth_user_groups (
    id bigint NOT NULL,
    user_id integer NOT NULL,
    group_id integer NOT NULL
);


ALTER TABLE public.auth_user_groups OWNER TO mg4;

--
-- TOC entry 247 (class 1259 OID 20849)
-- Name: auth_user_groups_id_seq; Type: SEQUENCE; Schema: public; Owner: mg4
--

ALTER TABLE public.auth_user_groups ALTER COLUMN id ADD GENERATED BY DEFAULT AS IDENTITY (
    SEQUENCE NAME public.auth_user_groups_id_seq
    START WITH 1
    INCREMENT BY 1
    NO MINVALUE
    NO MAXVALUE
    CACHE 1
);


--
-- TOC entry 245 (class 1259 OID 20830)
-- Name: auth_user_id_seq; Type: SEQUENCE; Schema: public; Owner: mg4
--

ALTER TABLE public.auth_user ALTER COLUMN id ADD GENERATED BY DEFAULT AS IDENTITY (
    SEQUENCE NAME public.auth_user_id_seq
    START WITH 1
    INCREMENT BY 1
    NO MINVALUE
    NO MAXVALUE
    CACHE 1
);


--
-- TOC entry 250 (class 1259 OID 20859)
-- Name: auth_user_user_permissions; Type: TABLE; Schema: public; Owner: mg4
--

CREATE TABLE public.auth_user_user_permissions (
    id bigint NOT NULL,
    user_id integer NOT NULL,
    permission_id integer NOT NULL
);


ALTER TABLE public.auth_user_user_permissions OWNER TO mg4;

--
-- TOC entry 249 (class 1259 OID 20858)
-- Name: auth_user_user_permissions_id_seq; Type: SEQUENCE; Schema: public; Owner: mg4
--

ALTER TABLE public.auth_user_user_permissions ALTER COLUMN id ADD GENERATED BY DEFAULT AS IDENTITY (
    SEQUENCE NAME public.auth_user_user_permissions_id_seq
    START WITH 1
    INCREMENT BY 1
    NO MINVALUE
    NO MAXVALUE
    CACHE 1
);


--
-- TOC entry 257 (class 1259 OID 22649)
-- Name: building; Type: TABLE; Schema: public; Owner: mg4
--

CREATE TABLE public.building (
    id integer NOT NULL,
    code character varying,
    default_name character varying,
    footprint public.geometry(Polygon,4326),
    hospital_id integer NOT NULL
);


ALTER TABLE public.building OWNER TO mg4;

--
-- TOC entry 256 (class 1259 OID 22648)
-- Name: building_id_seq; Type: SEQUENCE; Schema: public; Owner: mg4
--

CREATE SEQUENCE public.building_id_seq
    AS integer
    START WITH 1
    INCREMENT BY 1
    NO MINVALUE
    NO MAXVALUE
    CACHE 1;


ALTER SEQUENCE public.building_id_seq OWNER TO mg4;

--
-- TOC entry 4971 (class 0 OID 0)
-- Dependencies: 256
-- Name: building_id_seq; Type: SEQUENCE OWNED BY; Schema: public; Owner: mg4
--

ALTER SEQUENCE public.building_id_seq OWNED BY public.building.id;


--
-- TOC entry 252 (class 1259 OID 20920)
-- Name: django_admin_log; Type: TABLE; Schema: public; Owner: mg4
--

CREATE TABLE public.django_admin_log (
    id integer NOT NULL,
    action_time timestamp with time zone NOT NULL,
    object_id text,
    object_repr character varying(200) NOT NULL,
    action_flag smallint NOT NULL,
    change_message text NOT NULL,
    content_type_id integer,
    user_id integer NOT NULL,
    CONSTRAINT django_admin_log_action_flag_check CHECK ((action_flag >= 0))
);


ALTER TABLE public.django_admin_log OWNER TO mg4;

--
-- TOC entry 251 (class 1259 OID 20919)
-- Name: django_admin_log_id_seq; Type: SEQUENCE; Schema: public; Owner: mg4
--

ALTER TABLE public.django_admin_log ALTER COLUMN id ADD GENERATED BY DEFAULT AS IDENTITY (
    SEQUENCE NAME public.django_admin_log_id_seq
    START WITH 1
    INCREMENT BY 1
    NO MINVALUE
    NO MAXVALUE
    CACHE 1
);


--
-- TOC entry 238 (class 1259 OID 20790)
-- Name: django_content_type; Type: TABLE; Schema: public; Owner: mg4
--

CREATE TABLE public.django_content_type (
    id integer NOT NULL,
    app_label character varying(100) NOT NULL,
    model character varying(100) NOT NULL
);


ALTER TABLE public.django_content_type OWNER TO mg4;

--
-- TOC entry 237 (class 1259 OID 20789)
-- Name: django_content_type_id_seq; Type: SEQUENCE; Schema: public; Owner: mg4
--

ALTER TABLE public.django_content_type ALTER COLUMN id ADD GENERATED BY DEFAULT AS IDENTITY (
    SEQUENCE NAME public.django_content_type_id_seq
    START WITH 1
    INCREMENT BY 1
    NO MINVALUE
    NO MAXVALUE
    CACHE 1
);


--
-- TOC entry 236 (class 1259 OID 20778)
-- Name: django_migrations; Type: TABLE; Schema: public; Owner: mg4
--

CREATE TABLE public.django_migrations (
    id bigint NOT NULL,
    app character varying(255) NOT NULL,
    name character varying(255) NOT NULL,
    applied timestamp with time zone NOT NULL
);


ALTER TABLE public.django_migrations OWNER TO mg4;

--
-- TOC entry 235 (class 1259 OID 20777)
-- Name: django_migrations_id_seq; Type: SEQUENCE; Schema: public; Owner: mg4
--

ALTER TABLE public.django_migrations ALTER COLUMN id ADD GENERATED BY DEFAULT AS IDENTITY (
    SEQUENCE NAME public.django_migrations_id_seq
    START WITH 1
    INCREMENT BY 1
    NO MINVALUE
    NO MAXVALUE
    CACHE 1
);


--
-- TOC entry 253 (class 1259 OID 20960)
-- Name: django_session; Type: TABLE; Schema: public; Owner: mg4
--

CREATE TABLE public.django_session (
    session_key character varying(40) NOT NULL,
    session_data text NOT NULL,
    expire_date timestamp with time zone NOT NULL
);


ALTER TABLE public.django_session OWNER TO mg4;

--
-- TOC entry 259 (class 1259 OID 22667)
-- Name: floor; Type: TABLE; Schema: public; Owner: mg4
--

CREATE TABLE public.floor (
    id integer NOT NULL,
    level_index integer NOT NULL,
    name character varying,
    height_m numeric(5,2),
    plan_geom public.geometry(MultiPolygon,4326),
    z_min_m numeric(6,2),
    z_max_m numeric(6,2),
    building_id integer NOT NULL
);


ALTER TABLE public.floor OWNER TO mg4;

--
-- TOC entry 258 (class 1259 OID 22666)
-- Name: floor_id_seq; Type: SEQUENCE; Schema: public; Owner: mg4
--

CREATE SEQUENCE public.floor_id_seq
    AS integer
    START WITH 1
    INCREMENT BY 1
    NO MINVALUE
    NO MAXVALUE
    CACHE 1;


ALTER SEQUENCE public.floor_id_seq OWNER TO mg4;

--
-- TOC entry 4972 (class 0 OID 0)
-- Dependencies: 258
-- Name: floor_id_seq; Type: SEQUENCE OWNED BY; Schema: public; Owner: mg4
--

ALTER SEQUENCE public.floor_id_seq OWNED BY public.floor.id;


--
-- TOC entry 255 (class 1259 OID 22638)
-- Name: hospital; Type: TABLE; Schema: public; Owner: mg4
--

CREATE TABLE public.hospital (
    id integer NOT NULL,
    name character varying NOT NULL,
    address text,
    boundary public.geometry(Polygon,4326)
);


ALTER TABLE public.hospital OWNER TO mg4;

--
-- TOC entry 254 (class 1259 OID 22637)
-- Name: hospital_id_seq; Type: SEQUENCE; Schema: public; Owner: mg4
--

CREATE SEQUENCE public.hospital_id_seq
    AS integer
    START WITH 1
    INCREMENT BY 1
    NO MINVALUE
    NO MAXVALUE
    CACHE 1;


ALTER SEQUENCE public.hospital_id_seq OWNER TO mg4;

--
-- TOC entry 4973 (class 0 OID 0)
-- Dependencies: 254
-- Name: hospital_id_seq; Type: SEQUENCE OWNED BY; Schema: public; Owner: mg4
--

ALTER SEQUENCE public.hospital_id_seq OWNED BY public.hospital.id;


--
-- TOC entry 232 (class 1259 OID 18134)
-- Name: language; Type: TABLE; Schema: public; Owner: mg4
--

CREATE TABLE public.language (
    code character varying(5) NOT NULL,
    name character varying NOT NULL
);


ALTER TABLE public.language OWNER TO mg4;

--
-- TOC entry 227 (class 1259 OID 18038)
-- Name: model3d; Type: TABLE; Schema: public; Owner: mg4
--

CREATE TABLE public.model3d (
    id integer NOT NULL,
    description text,
    file_path character varying NOT NULL,
    format character varying,
    building_id integer NOT NULL,
    floor_id integer
);


ALTER TABLE public.model3d OWNER TO mg4;

--
-- TOC entry 226 (class 1259 OID 18037)
-- Name: model3d_id_seq; Type: SEQUENCE; Schema: public; Owner: mg4
--

CREATE SEQUENCE public.model3d_id_seq
    AS integer
    START WITH 1
    INCREMENT BY 1
    NO MINVALUE
    NO MAXVALUE
    CACHE 1;


ALTER SEQUENCE public.model3d_id_seq OWNER TO mg4;

--
-- TOC entry 4974 (class 0 OID 0)
-- Dependencies: 226
-- Name: model3d_id_seq; Type: SEQUENCE OWNED BY; Schema: public; Owner: mg4
--

ALTER SEQUENCE public.model3d_id_seq OWNED BY public.model3d.id;


--
-- TOC entry 231 (class 1259 OID 18112)
-- Name: navedge; Type: TABLE; Schema: public; Owner: mg4
--

CREATE TABLE public.navedge (
    id integer NOT NULL,
    is_accessible boolean DEFAULT true,
    length_m numeric(8,2),
    kind character varying,
    geom public.geometry(LineStringZ,4326),
    node_from_id integer NOT NULL,
    node_to_id integer NOT NULL
);


ALTER TABLE public.navedge OWNER TO mg4;

--
-- TOC entry 230 (class 1259 OID 18111)
-- Name: navedge_id_seq; Type: SEQUENCE; Schema: public; Owner: mg4
--

CREATE SEQUENCE public.navedge_id_seq
    AS integer
    START WITH 1
    INCREMENT BY 1
    NO MINVALUE
    NO MAXVALUE
    CACHE 1;


ALTER SEQUENCE public.navedge_id_seq OWNER TO mg4;

--
-- TOC entry 4975 (class 0 OID 0)
-- Dependencies: 230
-- Name: navedge_id_seq; Type: SEQUENCE OWNED BY; Schema: public; Owner: mg4
--

ALTER SEQUENCE public.navedge_id_seq OWNED BY public.navedge.id;


--
-- TOC entry 234 (class 1259 OID 18183)
-- Name: navigationsession; Type: TABLE; Schema: public; Owner: mg4
--

CREATE TABLE public.navigationsession (
    id uuid DEFAULT gen_random_uuid() NOT NULL,
    created_at timestamp with time zone DEFAULT now(),
    via_qr boolean DEFAULT false,
    via_print boolean DEFAULT false,
    path_geom public.geometry(MultiLineString,4326),
    hospital_id integer NOT NULL,
    language_code character varying(5) NOT NULL,
    poi_from_id integer NOT NULL,
    poi_to_id integer NOT NULL
);


ALTER TABLE public.navigationsession OWNER TO mg4;

--
-- TOC entry 263 (class 1259 OID 22707)
-- Name: navnode; Type: TABLE; Schema: public; Owner: mg4
--

CREATE TABLE public.navnode (
    id integer NOT NULL,
    kind character varying,
    geom public.geometry(PointZ,4326) NOT NULL,
    floor_id integer NOT NULL
);


ALTER TABLE public.navnode OWNER TO mg4;

--
-- TOC entry 262 (class 1259 OID 22706)
-- Name: navnode_id_seq; Type: SEQUENCE; Schema: public; Owner: mg4
--

CREATE SEQUENCE public.navnode_id_seq
    AS integer
    START WITH 1
    INCREMENT BY 1
    NO MINVALUE
    NO MAXVALUE
    CACHE 1;


ALTER SEQUENCE public.navnode_id_seq OWNER TO mg4;

--
-- TOC entry 4976 (class 0 OID 0)
-- Dependencies: 262
-- Name: navnode_id_seq; Type: SEQUENCE OWNED BY; Schema: public; Owner: mg4
--

ALTER SEQUENCE public.navnode_id_seq OWNED BY public.navnode.id;


--
-- TOC entry 261 (class 1259 OID 22685)
-- Name: poi; Type: TABLE; Schema: public; Owner: mg4
--

CREATE TABLE public.poi (
    id integer NOT NULL,
    type character varying,
    is_entry_point boolean DEFAULT false,
    geom public.geometry(PointZ,4326) NOT NULL,
    z_m numeric(6,2),
    floor_id integer,
    service_id integer
);


ALTER TABLE public.poi OWNER TO mg4;

--
-- TOC entry 260 (class 1259 OID 22684)
-- Name: poi_id_seq; Type: SEQUENCE; Schema: public; Owner: mg4
--

CREATE SEQUENCE public.poi_id_seq
    AS integer
    START WITH 1
    INCREMENT BY 1
    NO MINVALUE
    NO MAXVALUE
    CACHE 1;


ALTER SEQUENCE public.poi_id_seq OWNER TO mg4;

--
-- TOC entry 4977 (class 0 OID 0)
-- Dependencies: 260
-- Name: poi_id_seq; Type: SEQUENCE OWNED BY; Schema: public; Owner: mg4
--

ALTER SEQUENCE public.poi_id_seq OWNED BY public.poi.id;


--
-- TOC entry 264 (class 1259 OID 22723)
-- Name: poitranslation; Type: TABLE; Schema: public; Owner: mg4
--

CREATE TABLE public.poitranslation (
    poi_id integer NOT NULL,
    lang_code character varying(5) NOT NULL,
    label character varying NOT NULL
);


ALTER TABLE public.poitranslation OWNER TO mg4;

--
-- TOC entry 229 (class 1259 OID 18060)
-- Name: service; Type: TABLE; Schema: public; Owner: mg4
--

CREATE TABLE public.service (
    id integer NOT NULL,
    code character varying NOT NULL,
    icon_name character varying
);


ALTER TABLE public.service OWNER TO mg4;

--
-- TOC entry 228 (class 1259 OID 18059)
-- Name: service_id_seq; Type: SEQUENCE; Schema: public; Owner: mg4
--

CREATE SEQUENCE public.service_id_seq
    AS integer
    START WITH 1
    INCREMENT BY 1
    NO MINVALUE
    NO MAXVALUE
    CACHE 1;


ALTER SEQUENCE public.service_id_seq OWNER TO mg4;

--
-- TOC entry 4978 (class 0 OID 0)
-- Dependencies: 228
-- Name: service_id_seq; Type: SEQUENCE OWNED BY; Schema: public; Owner: mg4
--

ALTER SEQUENCE public.service_id_seq OWNED BY public.service.id;


--
-- TOC entry 233 (class 1259 OID 18143)
-- Name: servicetranslation; Type: TABLE; Schema: public; Owner: mg4
--

CREATE TABLE public.servicetranslation (
    service_id integer NOT NULL,
    lang_code character varying(5) NOT NULL,
    label character varying NOT NULL,
    description text
);


ALTER TABLE public.servicetranslation OWNER TO mg4;

--
-- TOC entry 4669 (class 2604 OID 22652)
-- Name: building id; Type: DEFAULT; Schema: public; Owner: mg4
--

ALTER TABLE ONLY public.building ALTER COLUMN id SET DEFAULT nextval('public.building_id_seq'::regclass);


--
-- TOC entry 4670 (class 2604 OID 22670)
-- Name: floor id; Type: DEFAULT; Schema: public; Owner: mg4
--

ALTER TABLE ONLY public.floor ALTER COLUMN id SET DEFAULT nextval('public.floor_id_seq'::regclass);


--
-- TOC entry 4668 (class 2604 OID 22641)
-- Name: hospital id; Type: DEFAULT; Schema: public; Owner: mg4
--

ALTER TABLE ONLY public.hospital ALTER COLUMN id SET DEFAULT nextval('public.hospital_id_seq'::regclass);


--
-- TOC entry 4660 (class 2604 OID 18041)
-- Name: model3d id; Type: DEFAULT; Schema: public; Owner: mg4
--

ALTER TABLE ONLY public.model3d ALTER COLUMN id SET DEFAULT nextval('public.model3d_id_seq'::regclass);


--
-- TOC entry 4662 (class 2604 OID 18115)
-- Name: navedge id; Type: DEFAULT; Schema: public; Owner: mg4
--

ALTER TABLE ONLY public.navedge ALTER COLUMN id SET DEFAULT nextval('public.navedge_id_seq'::regclass);


--
-- TOC entry 4673 (class 2604 OID 22710)
-- Name: navnode id; Type: DEFAULT; Schema: public; Owner: mg4
--

ALTER TABLE ONLY public.navnode ALTER COLUMN id SET DEFAULT nextval('public.navnode_id_seq'::regclass);


--
-- TOC entry 4671 (class 2604 OID 22688)
-- Name: poi id; Type: DEFAULT; Schema: public; Owner: mg4
--

ALTER TABLE ONLY public.poi ALTER COLUMN id SET DEFAULT nextval('public.poi_id_seq'::regclass);


--
-- TOC entry 4661 (class 2604 OID 18063)
-- Name: service id; Type: DEFAULT; Schema: public; Owner: mg4
--

ALTER TABLE ONLY public.service ALTER COLUMN id SET DEFAULT nextval('public.service_id_seq'::regclass);


--
-- TOC entry 4940 (class 0 OID 20812)
-- Dependencies: 242
-- Data for Name: auth_group; Type: TABLE DATA; Schema: public; Owner: mg4
--



--
-- TOC entry 4942 (class 0 OID 20822)
-- Dependencies: 244
-- Data for Name: auth_group_permissions; Type: TABLE DATA; Schema: public; Owner: mg4
--



--
-- TOC entry 4938 (class 0 OID 20802)
-- Dependencies: 240
-- Data for Name: auth_permission; Type: TABLE DATA; Schema: public; Owner: mg4
--

INSERT INTO public.auth_permission VALUES (1, 'Can add log entry', 1, 'add_logentry');
INSERT INTO public.auth_permission VALUES (2, 'Can change log entry', 1, 'change_logentry');
INSERT INTO public.auth_permission VALUES (3, 'Can delete log entry', 1, 'delete_logentry');
INSERT INTO public.auth_permission VALUES (4, 'Can view log entry', 1, 'view_logentry');
INSERT INTO public.auth_permission VALUES (5, 'Can add permission', 3, 'add_permission');
INSERT INTO public.auth_permission VALUES (6, 'Can change permission', 3, 'change_permission');
INSERT INTO public.auth_permission VALUES (7, 'Can delete permission', 3, 'delete_permission');
INSERT INTO public.auth_permission VALUES (8, 'Can view permission', 3, 'view_permission');
INSERT INTO public.auth_permission VALUES (9, 'Can add group', 2, 'add_group');
INSERT INTO public.auth_permission VALUES (10, 'Can change group', 2, 'change_group');
INSERT INTO public.auth_permission VALUES (11, 'Can delete group', 2, 'delete_group');
INSERT INTO public.auth_permission VALUES (12, 'Can view group', 2, 'view_group');
INSERT INTO public.auth_permission VALUES (13, 'Can add user', 4, 'add_user');
INSERT INTO public.auth_permission VALUES (14, 'Can change user', 4, 'change_user');
INSERT INTO public.auth_permission VALUES (15, 'Can delete user', 4, 'delete_user');
INSERT INTO public.auth_permission VALUES (16, 'Can view user', 4, 'view_user');
INSERT INTO public.auth_permission VALUES (17, 'Can add content type', 5, 'add_contenttype');
INSERT INTO public.auth_permission VALUES (18, 'Can change content type', 5, 'change_contenttype');
INSERT INTO public.auth_permission VALUES (19, 'Can delete content type', 5, 'delete_contenttype');
INSERT INTO public.auth_permission VALUES (20, 'Can view content type', 5, 'view_contenttype');
INSERT INTO public.auth_permission VALUES (21, 'Can add session', 6, 'add_session');
INSERT INTO public.auth_permission VALUES (22, 'Can change session', 6, 'change_session');
INSERT INTO public.auth_permission VALUES (23, 'Can delete session', 6, 'delete_session');
INSERT INTO public.auth_permission VALUES (24, 'Can view session', 6, 'view_session');
INSERT INTO public.auth_permission VALUES (25, 'Can add hospital', 9, 'add_hospital');
INSERT INTO public.auth_permission VALUES (26, 'Can change hospital', 9, 'change_hospital');
INSERT INTO public.auth_permission VALUES (27, 'Can delete hospital', 9, 'delete_hospital');
INSERT INTO public.auth_permission VALUES (28, 'Can view hospital', 9, 'view_hospital');
INSERT INTO public.auth_permission VALUES (29, 'Can add building', 7, 'add_building');
INSERT INTO public.auth_permission VALUES (30, 'Can change building', 7, 'change_building');
INSERT INTO public.auth_permission VALUES (31, 'Can delete building', 7, 'delete_building');
INSERT INTO public.auth_permission VALUES (32, 'Can view building', 7, 'view_building');
INSERT INTO public.auth_permission VALUES (33, 'Can add floor', 8, 'add_floor');
INSERT INTO public.auth_permission VALUES (34, 'Can change floor', 8, 'change_floor');
INSERT INTO public.auth_permission VALUES (35, 'Can delete floor', 8, 'delete_floor');
INSERT INTO public.auth_permission VALUES (36, 'Can view floor', 8, 'view_floor');
INSERT INTO public.auth_permission VALUES (37, 'Can add model3d', 11, 'add_model3d');
INSERT INTO public.auth_permission VALUES (38, 'Can change model3d', 11, 'change_model3d');
INSERT INTO public.auth_permission VALUES (39, 'Can delete model3d', 11, 'delete_model3d');
INSERT INTO public.auth_permission VALUES (40, 'Can view model3d', 11, 'view_model3d');
INSERT INTO public.auth_permission VALUES (41, 'Can add service', 17, 'add_service');
INSERT INTO public.auth_permission VALUES (42, 'Can change service', 17, 'change_service');
INSERT INTO public.auth_permission VALUES (43, 'Can delete service', 17, 'delete_service');
INSERT INTO public.auth_permission VALUES (44, 'Can view service', 17, 'view_service');
INSERT INTO public.auth_permission VALUES (45, 'Can add poi', 15, 'add_poi');
INSERT INTO public.auth_permission VALUES (46, 'Can change poi', 15, 'change_poi');
INSERT INTO public.auth_permission VALUES (47, 'Can delete poi', 15, 'delete_poi');
INSERT INTO public.auth_permission VALUES (48, 'Can view poi', 15, 'view_poi');
INSERT INTO public.auth_permission VALUES (49, 'Can add nav node', 14, 'add_navnode');
INSERT INTO public.auth_permission VALUES (50, 'Can change nav node', 14, 'change_navnode');
INSERT INTO public.auth_permission VALUES (51, 'Can delete nav node', 14, 'delete_navnode');
INSERT INTO public.auth_permission VALUES (52, 'Can view nav node', 14, 'view_navnode');
INSERT INTO public.auth_permission VALUES (53, 'Can add nav edge', 12, 'add_navedge');
INSERT INTO public.auth_permission VALUES (54, 'Can change nav edge', 12, 'change_navedge');
INSERT INTO public.auth_permission VALUES (55, 'Can delete nav edge', 12, 'delete_navedge');
INSERT INTO public.auth_permission VALUES (56, 'Can view nav edge', 12, 'view_navedge');
INSERT INTO public.auth_permission VALUES (57, 'Can add language', 10, 'add_language');
INSERT INTO public.auth_permission VALUES (58, 'Can change language', 10, 'change_language');
INSERT INTO public.auth_permission VALUES (59, 'Can delete language', 10, 'delete_language');
INSERT INTO public.auth_permission VALUES (60, 'Can view language', 10, 'view_language');
INSERT INTO public.auth_permission VALUES (61, 'Can add service translation', 18, 'add_servicetranslation');
INSERT INTO public.auth_permission VALUES (62, 'Can change service translation', 18, 'change_servicetranslation');
INSERT INTO public.auth_permission VALUES (63, 'Can delete service translation', 18, 'delete_servicetranslation');
INSERT INTO public.auth_permission VALUES (64, 'Can view service translation', 18, 'view_servicetranslation');
INSERT INTO public.auth_permission VALUES (65, 'Can add poi translation', 16, 'add_poitranslation');
INSERT INTO public.auth_permission VALUES (66, 'Can change poi translation', 16, 'change_poitranslation');
INSERT INTO public.auth_permission VALUES (67, 'Can delete poi translation', 16, 'delete_poitranslation');
INSERT INTO public.auth_permission VALUES (68, 'Can view poi translation', 16, 'view_poitranslation');
INSERT INTO public.auth_permission VALUES (69, 'Can add navigation session', 13, 'add_navigationsession');
INSERT INTO public.auth_permission VALUES (70, 'Can change navigation session', 13, 'change_navigationsession');
INSERT INTO public.auth_permission VALUES (71, 'Can delete navigation session', 13, 'delete_navigationsession');
INSERT INTO public.auth_permission VALUES (72, 'Can view navigation session', 13, 'view_navigationsession');


--
-- TOC entry 4944 (class 0 OID 20831)
-- Dependencies: 246
-- Data for Name: auth_user; Type: TABLE DATA; Schema: public; Owner: mg4
--



--
-- TOC entry 4946 (class 0 OID 20850)
-- Dependencies: 248
-- Data for Name: auth_user_groups; Type: TABLE DATA; Schema: public; Owner: mg4
--



--
-- TOC entry 4948 (class 0 OID 20859)
-- Dependencies: 250
-- Data for Name: auth_user_user_permissions; Type: TABLE DATA; Schema: public; Owner: mg4
--



--
-- TOC entry 4955 (class 0 OID 22649)
-- Dependencies: 257
-- Data for Name: building; Type: TABLE DATA; Schema: public; Owner: mg4
--

INSERT INTO public.building VALUES (1, 'B1', 'Batiment Principal', NULL, 1);


--
-- TOC entry 4950 (class 0 OID 20920)
-- Dependencies: 252
-- Data for Name: django_admin_log; Type: TABLE DATA; Schema: public; Owner: mg4
--



--
-- TOC entry 4936 (class 0 OID 20790)
-- Dependencies: 238
-- Data for Name: django_content_type; Type: TABLE DATA; Schema: public; Owner: mg4
--

INSERT INTO public.django_content_type VALUES (1, 'admin', 'logentry');
INSERT INTO public.django_content_type VALUES (2, 'auth', 'group');
INSERT INTO public.django_content_type VALUES (3, 'auth', 'permission');
INSERT INTO public.django_content_type VALUES (4, 'auth', 'user');
INSERT INTO public.django_content_type VALUES (5, 'contenttypes', 'contenttype');
INSERT INTO public.django_content_type VALUES (6, 'sessions', 'session');
INSERT INTO public.django_content_type VALUES (7, 'core', 'building');
INSERT INTO public.django_content_type VALUES (8, 'core', 'floor');
INSERT INTO public.django_content_type VALUES (9, 'core', 'hospital');
INSERT INTO public.django_content_type VALUES (10, 'core', 'language');
INSERT INTO public.django_content_type VALUES (11, 'core', 'model3d');
INSERT INTO public.django_content_type VALUES (12, 'core', 'navedge');
INSERT INTO public.django_content_type VALUES (13, 'core', 'navigationsession');
INSERT INTO public.django_content_type VALUES (14, 'core', 'navnode');
INSERT INTO public.django_content_type VALUES (15, 'core', 'poi');
INSERT INTO public.django_content_type VALUES (16, 'core', 'poitranslation');
INSERT INTO public.django_content_type VALUES (17, 'core', 'service');
INSERT INTO public.django_content_type VALUES (18, 'core', 'servicetranslation');


--
-- TOC entry 4934 (class 0 OID 20778)
-- Dependencies: 236
-- Data for Name: django_migrations; Type: TABLE DATA; Schema: public; Owner: mg4
--

INSERT INTO public.django_migrations VALUES (1, 'contenttypes', '0001_initial', '2025-12-06 14:26:08.047491+00');
INSERT INTO public.django_migrations VALUES (2, 'auth', '0001_initial', '2025-12-06 14:26:08.131498+00');
INSERT INTO public.django_migrations VALUES (3, 'admin', '0001_initial', '2025-12-06 14:26:08.160462+00');
INSERT INTO public.django_migrations VALUES (4, 'admin', '0002_logentry_remove_auto_add', '2025-12-06 14:26:08.178484+00');
INSERT INTO public.django_migrations VALUES (5, 'admin', '0003_logentry_add_action_flag_choices', '2025-12-06 14:26:08.195933+00');
INSERT INTO public.django_migrations VALUES (6, 'contenttypes', '0002_remove_content_type_name', '2025-12-06 14:26:08.254316+00');
INSERT INTO public.django_migrations VALUES (7, 'auth', '0002_alter_permission_name_max_length', '2025-12-06 14:26:08.272097+00');
INSERT INTO public.django_migrations VALUES (8, 'auth', '0003_alter_user_email_max_length', '2025-12-06 14:26:08.289299+00');
INSERT INTO public.django_migrations VALUES (9, 'auth', '0004_alter_user_username_opts', '2025-12-06 14:26:08.305909+00');
INSERT INTO public.django_migrations VALUES (10, 'auth', '0005_alter_user_last_login_null', '2025-12-06 14:26:08.323802+00');
INSERT INTO public.django_migrations VALUES (11, 'auth', '0006_require_contenttypes_0002', '2025-12-06 14:26:08.32735+00');
INSERT INTO public.django_migrations VALUES (12, 'auth', '0007_alter_validators_add_error_messages', '2025-12-06 14:26:08.344338+00');
INSERT INTO public.django_migrations VALUES (13, 'auth', '0008_alter_user_username_max_length', '2025-12-06 14:26:08.366259+00');
INSERT INTO public.django_migrations VALUES (14, 'auth', '0009_alter_user_last_name_max_length', '2025-12-06 14:26:08.389872+00');
INSERT INTO public.django_migrations VALUES (15, 'auth', '0010_alter_group_name_max_length', '2025-12-06 14:26:08.410071+00');
INSERT INTO public.django_migrations VALUES (16, 'auth', '0011_update_proxy_permissions', '2025-12-06 14:26:08.44284+00');
INSERT INTO public.django_migrations VALUES (17, 'auth', '0012_alter_user_first_name_max_length', '2025-12-06 14:26:08.460109+00');
INSERT INTO public.django_migrations VALUES (18, 'sessions', '0001_initial', '2025-12-06 14:26:08.476219+00');


--
-- TOC entry 4951 (class 0 OID 20960)
-- Dependencies: 253
-- Data for Name: django_session; Type: TABLE DATA; Schema: public; Owner: mg4
--



--
-- TOC entry 4957 (class 0 OID 22667)
-- Dependencies: 259
-- Data for Name: floor; Type: TABLE DATA; Schema: public; Owner: mg4
--

INSERT INTO public.floor VALUES (1, 1, 'Etage 1', NULL, NULL, NULL, NULL, 1);


--
-- TOC entry 4953 (class 0 OID 22638)
-- Dependencies: 255
-- Data for Name: hospital; Type: TABLE DATA; Schema: public; Owner: mg4
--

INSERT INTO public.hospital VALUES (1, 'DalalJam', 'Dakar, Senegal', NULL);


--
-- TOC entry 4930 (class 0 OID 18134)
-- Dependencies: 232
-- Data for Name: language; Type: TABLE DATA; Schema: public; Owner: mg4
--

INSERT INTO public.language VALUES ('fr', 'Francais');
INSERT INTO public.language VALUES ('en', 'English');
INSERT INTO public.language VALUES ('wl', 'Wolof');


--
-- TOC entry 4925 (class 0 OID 18038)
-- Dependencies: 227
-- Data for Name: model3d; Type: TABLE DATA; Schema: public; Owner: mg4
--



--
-- TOC entry 4929 (class 0 OID 18112)
-- Dependencies: 231
-- Data for Name: navedge; Type: TABLE DATA; Schema: public; Owner: mg4
--

INSERT INTO public.navedge VALUES (285, true, 9.40, NULL, '01020000A0E610000002000000CDCCCCCCCC7C5140E5D022DBF97ED23F000000000000F03F2DB29DEFA7464E40E5D022DBF97ED23F000000000000F03F', 1, 5);
INSERT INTO public.navedge VALUES (286, true, 4.95, NULL, '01020000A0E610000002000000CDCCCCCCCC7C5140A4703D0AD7A312C0000000000000F03FCDCCCCCCCC7C5140E5D022DBF97ED23F000000000000F03F', 3, 1);
INSERT INTO public.navedge VALUES (287, true, 1.14, NULL, '01020000A0E6100000020000005EBA490C022B5240A4703D0AD7A312C0000000000000F03F6F1283C0CAE15140A4703D0AD7A312C0000000000000F03F', 2, 4);
INSERT INTO public.navedge VALUES (288, true, 1.58, NULL, '01020000A0E6100000020000006F1283C0CAE15140A4703D0AD7A312C0000000000000F03FCDCCCCCCCC7C5140A4703D0AD7A312C0000000000000F03F', 4, 3);
INSERT INTO public.navedge VALUES (289, true, 6.76, NULL, '01020000A0E6100000020000006F1283C0CAE15140A4703D0AD7A312C0000000000000F03F6F1283C0CAE15140986E1283C0CA0040000000000000F03F', 4, 6);
INSERT INTO public.navedge VALUES (290, true, 18.33, NULL, '01020000A0E6100000020000006F1283C0CAE15140986E1283C0CA0040000000000000F03F6F1283C0CAE1514021B07268916D3440000000000000F03F', 6, 7);
INSERT INTO public.navedge VALUES (291, true, 11.10, NULL, '01020000A0E6100000020000002DB29DEFA7464E40E5D022DBF97ED23F000000000000F03FEE7C3F355EBA4840E5D022DBF97ED23F000000000000F03F', 5, 8);
INSERT INTO public.navedge VALUES (292, true, 7.97, NULL, '01020000A0E6100000020000006F1283C0CAE1514021B07268916D3440000000000000F03F6F1283C0CAE15140A01A2FDD24663C40000000000000F03F', 7, 11);
INSERT INTO public.navedge VALUES (293, true, 6.97, NULL, '01020000A0E6100000020000004A0C022B87764A40CBA145B6F33D4440000000000000F03F273108AC1CFA4640CBA145B6F33D4440000000000000F03F', 15, 9);
INSERT INTO public.navedge VALUES (294, true, 12.09, NULL, '01020000A0E6100000020000006F1283C0CAE15140A01A2FDD24663C40000000000000F03F6F1283C0CAE15140CBA145B6F33D4440000000000000F03F', 11, 14);
INSERT INTO public.navedge VALUES (295, true, 1.46, NULL, '01020000A0E6100000020000006F1283C0CAE1514021B07268916D3440000000000000F03F068195438B84514021B07268916D3440000000000000F03F', 7, 12);
INSERT INTO public.navedge VALUES (296, true, 1.47, NULL, '01020000A0E6100000020000006F1283C0CAE15140A01A2FDD24663C40000000000000F03FC1CAA145B6835140A01A2FDD24663C40000000000000F03F', 11, 13);
INSERT INTO public.navedge VALUES (297, true, 18.60, NULL, '01020000A0E6100000020000006F1283C0CAE15140CBA145B6F33D4440000000000000F03F4A0C022B87764A40CBA145B6F33D4440000000000000F03F', 14, 15);
INSERT INTO public.navedge VALUES (298, true, 29.02, NULL, '01020000A0E610000002000000273108AC1CFA4640CBA145B6F33D4440000000000000F03F7593180456EE3040CBA145B6F33D4440000000000000F03F', 9, 10);
INSERT INTO public.navedge VALUES (299, true, 2.38, NULL, '01020000A0E6100000020000004A0C022B87764A40CBA145B6F33D4440000000000000F03F4A0C022B87764A403D0AD7A3700D4340000000000000F03F', 15, 16);
INSERT INTO public.navedge VALUES (300, true, 2.43, NULL, '01020000A0E610000002000000273108AC1CFA4640CBA145B6F33D4440000000000000F03F273108AC1CFA46402DB29DEFA7064340000000000000F03F', 9, 17);
INSERT INTO public.navedge VALUES (301, true, 32.42, NULL, '01020000A0E6100000020000007593180456EE3040CBA145B6F33D4440000000000000F03F7B14AE47E1FA2EC0CBA145B6F33D4440000000000000F03F', 10, 18);
INSERT INTO public.navedge VALUES (302, true, 2.55, NULL, '01020000A0E6100000020000007593180456EE3040CBA145B6F33D4440000000000000F03F7593180456EE304048E17A14AEF74240000000000000F03F', 10, 19);
INSERT INTO public.navedge VALUES (303, true, 27.75, NULL, '01020000A0E6100000020000007B14AE47E1FA2EC0CBA145B6F33D4440000000000000F03FAE47E17A149E45C0CBA145B6F33D4440000000000000F03F', 18, 20);
INSERT INTO public.navedge VALUES (304, true, 2.46, NULL, '01020000A0E6100000020000007B14AE47E1FA2EC0CBA145B6F33D4440000000000000F03F7B14AE47E1FA2EC0A69BC420B0024340000000000000F03F', 18, 21);
INSERT INTO public.navedge VALUES (305, true, 12.75, NULL, '01020000A0E610000002000000EE7C3F355EBA4840E5D022DBF97ED23F000000000000F03F986E1283C05A4240E5D022DBF97ED23F000000000000F03F', 8, 60);
INSERT INTO public.navedge VALUES (306, true, 12.72, NULL, '01020000A0E6100000020000001D5A643BDF4F06C0E5D022DBF97ED23F000000000000F03F508D976E12032FC0E5D022DBF97ED23F000000000000F03F', 22, 23);
INSERT INTO public.navedge VALUES (307, true, 12.68, NULL, '01020000A0E610000002000000508D976E12032FC0E5D022DBF97ED23F000000000000F03F3BDF4F8D972E3CC0E5D022DBF97ED23F000000000000F03F', 23, 27);
INSERT INTO public.navedge VALUES (308, true, 9.14, NULL, '01020000A0E610000002000000508D976E12032FC0E5D022DBF97ED23F000000000000F03F508D976E12032FC077BE9F1A2FDD2240000000000000F03F', 23, 25);
INSERT INTO public.navedge VALUES (309, true, 2.49, NULL, '01020000A0E61000000200000052B81E85EB0148C0E5D022DBF97ED23F000000000000F03F52B81E85EB0148C06891ED7C3F350640000000000000F03F', 24, 26);
INSERT INTO public.navedge VALUES (310, true, 7.98, NULL, '01020000A0E610000002000000E7FBA9F1D2ED3040E5D022DBF97ED23F000000000000F03FE7FBA9F1D2ED30400AD7A3703D8A2040000000000000F03F', 55, 28);
INSERT INTO public.navedge VALUES (311, true, 12.45, NULL, '01020000A0E610000002000000E7FBA9F1D2ED30400AD7A3703D8A2040000000000000F03FE7FBA9F1D2ED3040643BDF4F8DB73440000000000000F03F', 28, 29);
INSERT INTO public.navedge VALUES (312, true, 9.15, NULL, '01020000A0E610000002000000E7FBA9F1D2ED30400AD7A3703D8A2040000000000000F03F894160E5D0221F400AD7A3703D8A2040000000000000F03F', 28, 30);
INSERT INTO public.navedge VALUES (313, true, 22.10, NULL, '01020000A0E610000002000000894160E5D0221F400AD7A3703D8A2040000000000000F03FAC1C5A643B9F2CC00AD7A3703D8A2040000000000000F03F', 30, 31);
INSERT INTO public.navedge VALUES (314, true, 2.34, NULL, '01020000A0E610000002000000AC1C5A643B9F2CC00AD7A3703D8A2040000000000000F03F2DB29DEFA7A630C00AD7A3703D8A2040000000000000F03F', 31, 32);
INSERT INTO public.navedge VALUES (315, true, 20.99, NULL, '01020000A0E6100000020000002DB29DEFA7A630C00AD7A3703D8A2040000000000000F03FA8C64B3789D142C00AD7A3703D8A2040000000000000F03F', 32, 33);
INSERT INTO public.navedge VALUES (316, true, 5.66, NULL, '01020000A0E610000002000000A8C64B3789D142C00AD7A3703D8A2040000000000000F03F2FDD240681A545C00AD7A3703D8A2040000000000000F03F', 33, 34);
INSERT INTO public.navedge VALUES (317, true, 21.01, NULL, '01020000A0E6100000020000002DB29DEFA7464E40E5D022DBF97ED23F000000000000F03F2DB29DEFA7464E40D34D621058B934C0000000000000F03F', 5, 35);
INSERT INTO public.navedge VALUES (318, true, 1.66, NULL, '01020000A0E6100000020000002FDD240681A545C00AD7A3703D8A2040000000000000F03F2FDD240681A545C0F6285C8FC2751A40000000000000F03F', 34, 36);
INSERT INTO public.navedge VALUES (319, true, 16.32, NULL, '01020000A0E6100000020000002DB29DEFA7464E40D34D621058B934C0000000000000F03F2DB29DEFA7464E404C378941608542C0000000000000F03F', 35, 37);
INSERT INTO public.navedge VALUES (320, true, 17.96, NULL, '01020000A0E6100000020000002DB29DEFA7464E404C378941608542C0000000000000F03F2DB29DEFA7464E400000000000804BC0000000000000F03F', 37, 38);
INSERT INTO public.navedge VALUES (321, true, 1.42, NULL, '01020000A0E6100000020000002DB29DEFA7464E400000000000804BC0000000000000F03F2DB29DEFA7464E404C37894160354CC0000000000000F03F', 38, 39);
INSERT INTO public.navedge VALUES (322, true, 23.85, NULL, '01020000A0E6100000020000002DB29DEFA7464E404C37894160354CC0000000000000F03F60E5D022DB5942404C37894160354CC0000000000000F03F', 39, 40);
INSERT INTO public.navedge VALUES (323, true, 7.07, NULL, '01020000A0E61000000200000060E5D022DB5942404C37894160354CC0000000000000F03FC3F5285C8FA23D404C37894160354CC0000000000000F03F', 40, 41);
INSERT INTO public.navedge VALUES (324, true, 25.41, NULL, '01020000A0E610000002000000C3F5285C8FA23D404C37894160354CC0000000000000F03F3108AC1C5AE410404C37894160354CC0000000000000F03F', 41, 42);
INSERT INTO public.navedge VALUES (325, true, 7.09, NULL, '01020000A0E6100000020000003108AC1C5AE410404C37894160354CC0000000000000F03F2B8716D9CEF706C04C37894160354CC0000000000000F03F', 42, 43);
INSERT INTO public.navedge VALUES (326, true, 25.44, NULL, '01020000A0E6100000020000002B8716D9CEF706C04C37894160354CC0000000000000F03FE3A59BC420503CC04C37894160354CC0000000000000F03F', 43, 44);
INSERT INTO public.navedge VALUES (327, true, 7.08, NULL, '01020000A0E610000002000000E3A59BC420503CC04C37894160354CC0000000000000F03F6F1283C0CAB141C04C37894160354CC0000000000000F03F', 44, 45);
INSERT INTO public.navedge VALUES (328, true, 2.26, NULL, '01020000A0E6100000020000006F1283C0CAB141C04C37894160354CC0000000000000F03F6F1283C0CAB141C0FA7E6ABC74134BC0000000000000F03F', 45, 46);
INSERT INTO public.navedge VALUES (329, true, 2.38, NULL, '01020000A0E610000002000000E3A59BC420503CC04C37894160354CC0000000000000F03FE3A59BC420503CC06891ED7C3F054BC0000000000000F03F', 44, 47);
INSERT INTO public.navedge VALUES (330, true, 2.38, NULL, '01020000A0E6100000020000002B8716D9CEF706C04C37894160354CC0000000000000F03F2B8716D9CEF706C06891ED7C3F054BC0000000000000F03F', 43, 48);
INSERT INTO public.navedge VALUES (331, true, 2.43, NULL, '01020000A0E6100000020000003108AC1C5AE410404C37894160354CC0000000000000F03F3108AC1C5AE41040AE47E17A14FE4AC0000000000000F03F', 42, 49);
INSERT INTO public.navedge VALUES (332, true, 11.06, NULL, '01020000A0E610000002000000C3F5285C8FA23D404C37894160354CC0000000000000F03FC3F5285C8FA23D4077BE9F1A2FAD46C0000000000000F03F', 41, 50);
INSERT INTO public.navedge VALUES (333, true, 10.97, NULL, '01020000A0E61000000200000060E5D022DB5942404C37894160354CC0000000000000F03F60E5D022DB594240B6F3FDD478B946C0000000000000F03F', 40, 51);
INSERT INTO public.navedge VALUES (334, true, 7.09, NULL, '01020000A0E6100000020000003BDF4F8D972E3CC0E5D022DBF97ED23F000000000000F03F6DE7FBA9F1A241C0E5D022DBF97ED23F000000000000F03F', 27, 52);
INSERT INTO public.navedge VALUES (335, true, 12.74, NULL, '01020000A0E61000000200000052B81E85EB0148C0E5D022DBF97ED23F000000000000F03F6DE7FBA9F1A241C0E5D022DBF97ED23F000000000000F03F', 24, 52);
INSERT INTO public.navedge VALUES (336, true, 6.20, NULL, '01020000A0E6100000020000006DE7FBA9F1A241C0E5D022DBF97ED23F000000000000F03F6DE7FBA9F1A241C039B4C876BE9F17C0000000000000F03F', 52, 53);
INSERT INTO public.navedge VALUES (337, true, 6.42, NULL, '01020000A0E6100000020000003BDF4F8D972E3CC0E5D022DBF97ED23F000000000000F03F3BDF4F8D972E3CC085EB51B81E8518C0000000000000F03F', 27, 54);
INSERT INTO public.navedge VALUES (338, true, 7.03, NULL, '01020000A0E6100000020000007B14AE47E1FA1040E5D022DBF97ED23F000000000000F03F1D5A643BDF4F06C0E5D022DBF97ED23F000000000000F03F', 57, 22);
INSERT INTO public.navedge VALUES (339, true, 12.68, NULL, '01020000A0E610000002000000E7FBA9F1D2ED3040E5D022DBF97ED23F000000000000F03F7B14AE47E1FA1040E5D022DBF97ED23F000000000000F03F', 55, 57);
INSERT INTO public.navedge VALUES (340, true, 12.68, NULL, '01020000A0E6100000020000007B14AE47E1FA1040E5D022DBF97ED23F000000000000F03FE7FBA9F1D2ED3040E5D022DBF97ED23F000000000000F03F', 57, 55);
INSERT INTO public.navedge VALUES (341, true, 0.00, NULL, '01020000A0E610000002000000E7FBA9F1D2ED3040E5D022DBF97ED23F000000000000F03FE7FBA9F1D2ED3040E5D022DBF97ED23F000000000000F03F', 55, 55);
INSERT INTO public.navedge VALUES (342, true, 6.32, NULL, '01020000A0E6100000020000001D5A643BDF4F06C0E5D022DBF97ED23F000000000000F03F1D5A643BDF4F06C039B4C876BE1F18C0000000000000F03F', 22, 58);
INSERT INTO public.navedge VALUES (343, true, 6.23, NULL, '01020000A0E6100000020000007B14AE47E1FA1040E5D022DBF97ED23F000000000000F03F7B14AE47E1FA10405839B4C876BE17C0000000000000F03F', 57, 59);
INSERT INTO public.navedge VALUES (344, true, 7.02, NULL, '01020000A0E610000002000000986E1283C05A4240E5D022DBF97ED23F000000000000F03FC520B07268B13D40E5D022DBF97ED23F000000000000F03F', 60, 61);
INSERT INTO public.navedge VALUES (345, true, 12.76, NULL, '01020000A0E610000002000000E7FBA9F1D2ED3040E5D022DBF97ED23F000000000000F03FC520B07268B13D40E5D022DBF97ED23F000000000000F03F', 55, 61);
INSERT INTO public.navedge VALUES (346, true, 12.76, NULL, '01020000A0E610000002000000C520B07268B13D40E5D022DBF97ED23F000000000000F03FE7FBA9F1D2ED3040E5D022DBF97ED23F000000000000F03F', 61, 55);
INSERT INTO public.navedge VALUES (347, true, 6.20, NULL, '01020000A0E610000002000000C520B07268B13D40E5D022DBF97ED23F000000000000F03FC520B07268B13D4039B4C876BE9F17C0000000000000F03F', 61, 62);
INSERT INTO public.navedge VALUES (348, true, 6.20, NULL, '01020000A0E610000002000000986E1283C05A4240E5D022DBF97ED23F000000000000F03F986E1283C05A424039B4C876BE9F17C0000000000000F03F', 60, 63);
INSERT INTO public.navedge VALUES (349, true, 2.52, NULL, '01020000A0E610000002000000EE7C3F355EBA4840E5D022DBF97ED23F000000000000F03FEE7C3F355EBA4840105839B4C8760640000000000000F03F', 8, 64);
INSERT INTO public.navedge VALUES (350, true, 5.45, NULL, '01020000A0E610000002000000643BDF4F8D875340A4703D0AD7A312C0000000000000F03F5EBA490C022B5240A4703D0AD7A312C0000000000000F03F', 65, 2);
INSERT INTO public.navedge VALUES (351, true, 54.81, NULL, '01020000A0E610000002000000643BDF4F8D87534017D9CEF753134940000000000000F03F643BDF4F8D875340A4703D0AD7A312C0000000000000F03F', 66, 65);
INSERT INTO public.navedge VALUES (352, true, 105.21, NULL, '01020000A0E6100000020000009EEFA7C64B173BC017D9CEF753134940000000000000F03F643BDF4F8D87534017D9CEF753134940000000000000F03F', 67, 66);
INSERT INTO public.navedge VALUES (353, true, 11.03, NULL, '01020000A0E6100000020000009EEFA7C64B173BC0105839B4C8964E40000000000000F03F9EEFA7C64B173BC017D9CEF753134940000000000000F03F', 68, 67);
INSERT INTO public.navedge VALUES (354, true, 40.46, NULL, '01020000A0E610000002000000DD24068195E350C0105839B4C8964E40000000000000F03F9EEFA7C64B173BC0105839B4C8964E40000000000000F03F', 69, 68);
INSERT INTO public.navedge VALUES (355, true, 41.91, NULL, '01020000A0E610000002000000DD24068195E350C06ABC749318443340000000000000F03FDD24068195E350C0105839B4C8964E40000000000000F03F', 70, 69);


--
-- TOC entry 4932 (class 0 OID 18183)
-- Dependencies: 234
-- Data for Name: navigationsession; Type: TABLE DATA; Schema: public; Owner: mg4
--

INSERT INTO public.navigationsession VALUES ('62f413a9-0371-4a4d-a30a-a2ff33174c2a', '2025-12-06 15:36:49.487725+00', true, true, NULL, 1, 'fr', 1, 2);


--
-- TOC entry 4961 (class 0 OID 22707)
-- Dependencies: 263
-- Data for Name: navnode; Type: TABLE DATA; Schema: public; Owner: mg4
--

INSERT INTO public.navnode VALUES (1, 'connector', '01010000A0E6100000CDCCCCCCCC7C5140E5D022DBF97ED23F000000000000F03F', 1);
INSERT INTO public.navnode VALUES (2, 'connector', '01010000A0E61000005EBA490C022B5240A4703D0AD7A312C0000000000000F03F', 1);
INSERT INTO public.navnode VALUES (3, 'connector', '01010000A0E6100000CDCCCCCCCC7C5140A4703D0AD7A312C0000000000000F03F', 1);
INSERT INTO public.navnode VALUES (4, 'connector', '01010000A0E61000006F1283C0CAE15140A4703D0AD7A312C0000000000000F03F', 1);
INSERT INTO public.navnode VALUES (5, 'connector', '01010000A0E61000002DB29DEFA7464E40E5D022DBF97ED23F000000000000F03F', 1);
INSERT INTO public.navnode VALUES (6, 'connector', '01010000A0E61000006F1283C0CAE15140986E1283C0CA0040000000000000F03F', 1);
INSERT INTO public.navnode VALUES (7, 'connector', '01010000A0E61000006F1283C0CAE1514021B07268916D3440000000000000F03F', 1);
INSERT INTO public.navnode VALUES (8, 'connector', '01010000A0E6100000EE7C3F355EBA4840E5D022DBF97ED23F000000000000F03F', 1);
INSERT INTO public.navnode VALUES (9, 'connector', '01010000A0E6100000273108AC1CFA4640CBA145B6F33D4440000000000000F03F', 1);
INSERT INTO public.navnode VALUES (10, 'connector', '01010000A0E61000007593180456EE3040CBA145B6F33D4440000000000000F03F', 1);
INSERT INTO public.navnode VALUES (11, 'connector', '01010000A0E61000006F1283C0CAE15140A01A2FDD24663C40000000000000F03F', 1);
INSERT INTO public.navnode VALUES (12, 'connector', '01010000A0E6100000068195438B84514021B07268916D3440000000000000F03F', 1);
INSERT INTO public.navnode VALUES (13, 'connector', '01010000A0E6100000C1CAA145B6835140A01A2FDD24663C40000000000000F03F', 1);
INSERT INTO public.navnode VALUES (14, 'connector', '01010000A0E61000006F1283C0CAE15140CBA145B6F33D4440000000000000F03F', 1);
INSERT INTO public.navnode VALUES (15, 'connector', '01010000A0E61000004A0C022B87764A40CBA145B6F33D4440000000000000F03F', 1);
INSERT INTO public.navnode VALUES (16, 'connector', '01010000A0E61000004A0C022B87764A403D0AD7A3700D4340000000000000F03F', 1);
INSERT INTO public.navnode VALUES (17, 'connector', '01010000A0E6100000273108AC1CFA46402DB29DEFA7064340000000000000F03F', 1);
INSERT INTO public.navnode VALUES (18, 'connector', '01010000A0E61000007B14AE47E1FA2EC0CBA145B6F33D4440000000000000F03F', 1);
INSERT INTO public.navnode VALUES (19, 'connector', '01010000A0E61000007593180456EE304048E17A14AEF74240000000000000F03F', 1);
INSERT INTO public.navnode VALUES (20, 'connector', '01010000A0E6100000AE47E17A149E45C0CBA145B6F33D4440000000000000F03F', 1);
INSERT INTO public.navnode VALUES (21, 'connector', '01010000A0E61000007B14AE47E1FA2EC0A69BC420B0024340000000000000F03F', 1);
INSERT INTO public.navnode VALUES (22, 'connector', '01010000A0E61000001D5A643BDF4F06C0E5D022DBF97ED23F000000000000F03F', 1);
INSERT INTO public.navnode VALUES (23, 'connector', '01010000A0E6100000508D976E12032FC0E5D022DBF97ED23F000000000000F03F', 1);
INSERT INTO public.navnode VALUES (24, 'connector', '01010000A0E610000052B81E85EB0148C0E5D022DBF97ED23F000000000000F03F', 1);
INSERT INTO public.navnode VALUES (25, 'connector', '01010000A0E6100000508D976E12032FC077BE9F1A2FDD2240000000000000F03F', 1);
INSERT INTO public.navnode VALUES (26, 'connector', '01010000A0E610000052B81E85EB0148C06891ED7C3F350640000000000000F03F', 1);
INSERT INTO public.navnode VALUES (27, 'connector', '01010000A0E61000003BDF4F8D972E3CC0E5D022DBF97ED23F000000000000F03F', 1);
INSERT INTO public.navnode VALUES (28, 'connector', '01010000A0E6100000E7FBA9F1D2ED30400AD7A3703D8A2040000000000000F03F', 1);
INSERT INTO public.navnode VALUES (29, 'connector', '01010000A0E6100000E7FBA9F1D2ED3040643BDF4F8DB73440000000000000F03F', 1);
INSERT INTO public.navnode VALUES (30, 'connector', '01010000A0E6100000894160E5D0221F400AD7A3703D8A2040000000000000F03F', 1);
INSERT INTO public.navnode VALUES (31, 'connector', '01010000A0E6100000AC1C5A643B9F2CC00AD7A3703D8A2040000000000000F03F', 1);
INSERT INTO public.navnode VALUES (32, 'connector', '01010000A0E61000002DB29DEFA7A630C00AD7A3703D8A2040000000000000F03F', 1);
INSERT INTO public.navnode VALUES (33, 'connector', '01010000A0E6100000A8C64B3789D142C00AD7A3703D8A2040000000000000F03F', 1);
INSERT INTO public.navnode VALUES (34, 'connector', '01010000A0E61000002FDD240681A545C00AD7A3703D8A2040000000000000F03F', 1);
INSERT INTO public.navnode VALUES (35, 'connector', '01010000A0E61000002DB29DEFA7464E40D34D621058B934C0000000000000F03F', 1);
INSERT INTO public.navnode VALUES (36, 'connector', '01010000A0E61000002FDD240681A545C0F6285C8FC2751A40000000000000F03F', 1);
INSERT INTO public.navnode VALUES (37, 'connector', '01010000A0E61000002DB29DEFA7464E404C378941608542C0000000000000F03F', 1);
INSERT INTO public.navnode VALUES (38, 'connector', '01010000A0E61000002DB29DEFA7464E400000000000804BC0000000000000F03F', 1);
INSERT INTO public.navnode VALUES (39, 'connector', '01010000A0E61000002DB29DEFA7464E404C37894160354CC0000000000000F03F', 1);
INSERT INTO public.navnode VALUES (40, 'connector', '01010000A0E610000060E5D022DB5942404C37894160354CC0000000000000F03F', 1);
INSERT INTO public.navnode VALUES (41, 'connector', '01010000A0E6100000C3F5285C8FA23D404C37894160354CC0000000000000F03F', 1);
INSERT INTO public.navnode VALUES (42, 'connector', '01010000A0E61000003108AC1C5AE410404C37894160354CC0000000000000F03F', 1);
INSERT INTO public.navnode VALUES (43, 'connector', '01010000A0E61000002B8716D9CEF706C04C37894160354CC0000000000000F03F', 1);
INSERT INTO public.navnode VALUES (44, 'connector', '01010000A0E6100000E3A59BC420503CC04C37894160354CC0000000000000F03F', 1);
INSERT INTO public.navnode VALUES (45, 'connector', '01010000A0E61000006F1283C0CAB141C04C37894160354CC0000000000000F03F', 1);
INSERT INTO public.navnode VALUES (46, 'connector', '01010000A0E61000006F1283C0CAB141C0FA7E6ABC74134BC0000000000000F03F', 1);
INSERT INTO public.navnode VALUES (47, 'connector', '01010000A0E6100000E3A59BC420503CC06891ED7C3F054BC0000000000000F03F', 1);
INSERT INTO public.navnode VALUES (48, 'connector', '01010000A0E61000002B8716D9CEF706C06891ED7C3F054BC0000000000000F03F', 1);
INSERT INTO public.navnode VALUES (49, 'connector', '01010000A0E61000003108AC1C5AE41040AE47E17A14FE4AC0000000000000F03F', 1);
INSERT INTO public.navnode VALUES (50, 'connector', '01010000A0E6100000C3F5285C8FA23D4077BE9F1A2FAD46C0000000000000F03F', 1);
INSERT INTO public.navnode VALUES (51, 'connector', '01010000A0E610000060E5D022DB594240B6F3FDD478B946C0000000000000F03F', 1);
INSERT INTO public.navnode VALUES (52, 'connector', '01010000A0E61000006DE7FBA9F1A241C0E5D022DBF97ED23F000000000000F03F', 1);
INSERT INTO public.navnode VALUES (53, 'connector', '01010000A0E61000006DE7FBA9F1A241C039B4C876BE9F17C0000000000000F03F', 1);
INSERT INTO public.navnode VALUES (54, 'connector', '01010000A0E61000003BDF4F8D972E3CC085EB51B81E8518C0000000000000F03F', 1);
INSERT INTO public.navnode VALUES (55, 'connector', '01010000A0E6100000E7FBA9F1D2ED3040E5D022DBF97ED23F000000000000F03F', 1);
INSERT INTO public.navnode VALUES (56, 'connector', '01010000A0E6100000E7FBA9F1D2ED3040E5D022DBF97ED23F000000000000F03F', 1);
INSERT INTO public.navnode VALUES (57, 'connector', '01010000A0E61000007B14AE47E1FA1040E5D022DBF97ED23F000000000000F03F', 1);
INSERT INTO public.navnode VALUES (58, 'connector', '01010000A0E61000001D5A643BDF4F06C039B4C876BE1F18C0000000000000F03F', 1);
INSERT INTO public.navnode VALUES (59, 'connector', '01010000A0E61000007B14AE47E1FA10405839B4C876BE17C0000000000000F03F', 1);
INSERT INTO public.navnode VALUES (60, 'connector', '01010000A0E6100000986E1283C05A4240E5D022DBF97ED23F000000000000F03F', 1);
INSERT INTO public.navnode VALUES (61, 'connector', '01010000A0E6100000C520B07268B13D40E5D022DBF97ED23F000000000000F03F', 1);
INSERT INTO public.navnode VALUES (62, 'connector', '01010000A0E6100000C520B07268B13D4039B4C876BE9F17C0000000000000F03F', 1);
INSERT INTO public.navnode VALUES (63, 'connector', '01010000A0E6100000986E1283C05A424039B4C876BE9F17C0000000000000F03F', 1);
INSERT INTO public.navnode VALUES (64, 'connector', '01010000A0E6100000EE7C3F355EBA4840105839B4C8760640000000000000F03F', 1);
INSERT INTO public.navnode VALUES (65, 'connector', '01010000A0E6100000643BDF4F8D875340A4703D0AD7A312C0000000000000F03F', 1);
INSERT INTO public.navnode VALUES (66, 'connector', '01010000A0E6100000643BDF4F8D87534017D9CEF753134940000000000000F03F', 1);
INSERT INTO public.navnode VALUES (67, 'connector', '01010000A0E61000009EEFA7C64B173BC017D9CEF753134940000000000000F03F', 1);
INSERT INTO public.navnode VALUES (68, 'connector', '01010000A0E61000009EEFA7C64B173BC0105839B4C8964E40000000000000F03F', 1);
INSERT INTO public.navnode VALUES (69, 'connector', '01010000A0E6100000DD24068195E350C0105839B4C8964E40000000000000F03F', 1);
INSERT INTO public.navnode VALUES (70, 'connector', '01010000A0E6100000DD24068195E350C06ABC749318443340000000000000F03F', 1);


--
-- TOC entry 4959 (class 0 OID 22685)
-- Dependencies: 261
-- Data for Name: poi; Type: TABLE DATA; Schema: public; Owner: mg4
--

INSERT INTO public.poi VALUES (1, 'Accueil', false, '01010000A0E61000005EBA490C022B5240D7A3703D0AD712C0DD2406819543FB3F', NULL, 1, 1);
INSERT INTO public.poi VALUES (2, 'Cons1', false, '01010000A0E6100000068195438B8451408D976E1283603440DD2406819543FB3F', NULL, 1, 2);
INSERT INTO public.poi VALUES (3, 'Cons2', false, '01010000A0E6100000C1CAA145B68351400C022B8716593C40DD2406819543FB3F', NULL, 1, 2);
INSERT INTO public.poi VALUES (4, 'Reedu1', false, '01010000A0E61000004A0C022B87764A40D7A3703D0A074340DD2406819543FB3F', NULL, 1, 3);
INSERT INTO public.poi VALUES (5, 'Reedu2', false, '01010000A0E6100000448B6CE7FBF94640E3A59BC420004340DD2406819543FB3F', NULL, 1, 3);
INSERT INTO public.poi VALUES (6, 'Radiologie', false, '01010000A0E61000007593180456EE3040FED478E926F14240DD2406819543FB3F', NULL, 1, 4);
INSERT INTO public.poi VALUES (7, 'HopJour', false, '01010000A0E61000007B14AE47E1FA2EC05C8FC2F528FC4240DD2406819543FB3F', NULL, 1, NULL);
INSERT INTO public.poi VALUES (8, 'Urgences.002', false, '01010000A0E6100000AE47E17A149E45C08195438B6C374440DD2406819543FB3F', NULL, 1, 9);
INSERT INTO public.poi VALUES (9, 'Urgences.001', false, '01010000A0E610000052B81E85EB0148C0CDCCCCCCCCCC0540DD2406819543FB3F', NULL, 1, 9);
INSERT INTO public.poi VALUES (10, 'Urgences', false, '01010000A0E6100000DD24068195E350C0D7A3703D0A373340DD2406819543FB3F', NULL, 1, 9);
INSERT INTO public.poi VALUES (11, 'Urgences.003', false, '01010000A0E61000002FDD240681A545C0E3A59BC420702040DD2406819543FB3F', NULL, 1, 9);
INSERT INTO public.poi VALUES (12, 'HopJour.001', false, '01010000A0E6100000508D976E12032FC0508D976E12C32240DD2406819543FB3F', NULL, 1, 10);
INSERT INTO public.poi VALUES (13, 'Radiologie.001', false, '01010000A0E6100000E7FBA9F1D2ED3040986E1283C0AA3440DD2406819543FB3F', NULL, 1, 4);
INSERT INTO public.poi VALUES (14, 'Reedu', false, '01010000A0E6100000EE7C3F355EBA4840AAF1D24D62100640DD2406819543FB3F', NULL, 1, 3);
INSERT INTO public.poi VALUES (15, 'Administration', false, '01010000A0E61000002DB29DEFA7464E40A01A2FDD24C634C0DD2406819543FB3F', NULL, 1, 5);
INSERT INTO public.poi VALUES (16, 'Pediatrie', false, '01010000A0E6100000C520B07268B13D408716D9CEF7D317C0DD2406819543FB3F', NULL, 1, 6);
INSERT INTO public.poi VALUES (17, 'Pediatrie.001', false, '01010000A0E6100000986E1283C05A42408716D9CEF7D317C0DD2406819543FB3F', NULL, 1, 6);
INSERT INTO public.poi VALUES (18, 'Pediatrie.002', false, '01010000A0E610000060E5D022DB5942400000000000C046C0DD2406819543FB3F', NULL, 1, 6);
INSERT INTO public.poi VALUES (19, 'Pediatrie.003', false, '01010000A0E6100000C3F5285C8FA23D40C1CAA145B6B346C0DD2406819543FB3F', NULL, 1, 6);
INSERT INTO public.poi VALUES (20, 'Hospitalisation1', false, '01010000A0E61000001D5A643BDF4F06C08716D9CEF75318C0DD2406819543FB3F', NULL, 1, 7);
INSERT INTO public.poi VALUES (21, 'Hospitalisation1.001', false, '01010000A0E61000007B14AE47E1FA1040A69BC420B0F217C0DD2406819543FB3F', NULL, 1, 7);
INSERT INTO public.poi VALUES (22, 'Hospitalisation1.002', false, '01010000A0E61000003108AC1C5AE41040F853E3A59B044BC0DD2406819543FB3F', NULL, 1, 7);
INSERT INTO public.poi VALUES (23, 'Hospitalisation1.003', false, '01010000A0E61000002B8716D9CEF706C0B29DEFA7C60B4BC0DD2406819543FB3F', NULL, 1, 7);
INSERT INTO public.poi VALUES (24, 'Hospitalisation2', false, '01010000A0E61000006DE7FBA9F1A241C08716D9CEF7D317C0DD2406819543FB3F', NULL, 1, 8);
INSERT INTO public.poi VALUES (25, 'Hospitalisation2.001', false, '01010000A0E61000003BDF4F8D972E3CC0D34D621058B918C0DD2406819543FB3F', NULL, 1, 8);
INSERT INTO public.poi VALUES (26, 'Hospitalisation2.002', false, '01010000A0E6100000E3A59BC420503CC0B29DEFA7C60B4BC0DD2406819543FB3F', NULL, 1, 8);
INSERT INTO public.poi VALUES (27, 'Hospitalisation2.003', false, '01010000A0E61000006F1283C0CAB141C0448B6CE7FB194BC0DD2406819543FB3F', NULL, 1, 8);


--
-- TOC entry 4962 (class 0 OID 22723)
-- Dependencies: 264
-- Data for Name: poitranslation; Type: TABLE DATA; Schema: public; Owner: mg4
--

INSERT INTO public.poitranslation VALUES (1, 'fr', 'Accueil');
INSERT INTO public.poitranslation VALUES (2, 'fr', 'Cons1');
INSERT INTO public.poitranslation VALUES (3, 'fr', 'Cons2');
INSERT INTO public.poitranslation VALUES (4, 'fr', 'Reedu1');
INSERT INTO public.poitranslation VALUES (5, 'fr', 'Reedu2');
INSERT INTO public.poitranslation VALUES (6, 'fr', 'Radiologie');
INSERT INTO public.poitranslation VALUES (7, 'fr', 'HopJour');
INSERT INTO public.poitranslation VALUES (8, 'fr', 'Urgences.002');
INSERT INTO public.poitranslation VALUES (9, 'fr', 'Urgences.001');
INSERT INTO public.poitranslation VALUES (10, 'fr', 'Urgences');
INSERT INTO public.poitranslation VALUES (11, 'fr', 'Urgences.003');
INSERT INTO public.poitranslation VALUES (12, 'fr', 'HopJour.001');
INSERT INTO public.poitranslation VALUES (13, 'fr', 'Radiologie.001');
INSERT INTO public.poitranslation VALUES (14, 'fr', 'Reedu');
INSERT INTO public.poitranslation VALUES (15, 'fr', 'Administration');
INSERT INTO public.poitranslation VALUES (16, 'fr', 'Pediatrie');
INSERT INTO public.poitranslation VALUES (17, 'fr', 'Pediatrie.001');
INSERT INTO public.poitranslation VALUES (18, 'fr', 'Pediatrie.002');
INSERT INTO public.poitranslation VALUES (19, 'fr', 'Pediatrie.003');
INSERT INTO public.poitranslation VALUES (20, 'fr', 'Hospitalisation1');
INSERT INTO public.poitranslation VALUES (21, 'fr', 'Hospitalisation1.001');
INSERT INTO public.poitranslation VALUES (22, 'fr', 'Hospitalisation1.002');
INSERT INTO public.poitranslation VALUES (23, 'fr', 'Hospitalisation1.003');
INSERT INTO public.poitranslation VALUES (24, 'fr', 'Hospitalisation2');
INSERT INTO public.poitranslation VALUES (25, 'fr', 'Hospitalisation2.001');
INSERT INTO public.poitranslation VALUES (26, 'fr', 'Hospitalisation2.002');
INSERT INTO public.poitranslation VALUES (27, 'fr', 'Hospitalisation2.003');


--
-- TOC entry 4927 (class 0 OID 18060)
-- Dependencies: 229
-- Data for Name: service; Type: TABLE DATA; Schema: public; Owner: mg4
--

INSERT INTO public.service VALUES (1, 'Accueil', 'Accueil');
INSERT INTO public.service VALUES (2, 'Consultation', 'Consultaion');
INSERT INTO public.service VALUES (3, 'Reeducation', 'Reeducation');
INSERT INTO public.service VALUES (4, 'Radiologie', 'Radiologie');
INSERT INTO public.service VALUES (5, 'Administration', 'Administration');
INSERT INTO public.service VALUES (6, 'Pediatrie', 'Pediatrie');
INSERT INTO public.service VALUES (7, 'Hospitalisation1', 'Hospitalisation1');
INSERT INTO public.service VALUES (8, 'Hospitalisation2', 'Hospitalisation2');
INSERT INTO public.service VALUES (9, 'Urgences', 'Urgences');
INSERT INTO public.service VALUES (10, 'HopJour', 'HopJour');


--
-- TOC entry 4931 (class 0 OID 18143)
-- Dependencies: 233
-- Data for Name: servicetranslation; Type: TABLE DATA; Schema: public; Owner: mg4
--



--
-- TOC entry 4659 (class 0 OID 17221)
-- Dependencies: 222
-- Data for Name: spatial_ref_sys; Type: TABLE DATA; Schema: public; Owner: mg4
--



--
-- TOC entry 4979 (class 0 OID 0)
-- Dependencies: 241
-- Name: auth_group_id_seq; Type: SEQUENCE SET; Schema: public; Owner: mg4
--

SELECT pg_catalog.setval('public.auth_group_id_seq', 1, false);


--
-- TOC entry 4980 (class 0 OID 0)
-- Dependencies: 243
-- Name: auth_group_permissions_id_seq; Type: SEQUENCE SET; Schema: public; Owner: mg4
--

SELECT pg_catalog.setval('public.auth_group_permissions_id_seq', 1, false);


--
-- TOC entry 4981 (class 0 OID 0)
-- Dependencies: 239
-- Name: auth_permission_id_seq; Type: SEQUENCE SET; Schema: public; Owner: mg4
--

SELECT pg_catalog.setval('public.auth_permission_id_seq', 72, true);


--
-- TOC entry 4982 (class 0 OID 0)
-- Dependencies: 247
-- Name: auth_user_groups_id_seq; Type: SEQUENCE SET; Schema: public; Owner: mg4
--

SELECT pg_catalog.setval('public.auth_user_groups_id_seq', 1, false);


--
-- TOC entry 4983 (class 0 OID 0)
-- Dependencies: 245
-- Name: auth_user_id_seq; Type: SEQUENCE SET; Schema: public; Owner: mg4
--

SELECT pg_catalog.setval('public.auth_user_id_seq', 1, false);


--
-- TOC entry 4984 (class 0 OID 0)
-- Dependencies: 249
-- Name: auth_user_user_permissions_id_seq; Type: SEQUENCE SET; Schema: public; Owner: mg4
--

SELECT pg_catalog.setval('public.auth_user_user_permissions_id_seq', 1, false);


--
-- TOC entry 4985 (class 0 OID 0)
-- Dependencies: 256
-- Name: building_id_seq; Type: SEQUENCE SET; Schema: public; Owner: mg4
--

SELECT pg_catalog.setval('public.building_id_seq', 1, true);


--
-- TOC entry 4986 (class 0 OID 0)
-- Dependencies: 251
-- Name: django_admin_log_id_seq; Type: SEQUENCE SET; Schema: public; Owner: mg4
--

SELECT pg_catalog.setval('public.django_admin_log_id_seq', 1, false);


--
-- TOC entry 4987 (class 0 OID 0)
-- Dependencies: 237
-- Name: django_content_type_id_seq; Type: SEQUENCE SET; Schema: public; Owner: mg4
--

SELECT pg_catalog.setval('public.django_content_type_id_seq', 18, true);


--
-- TOC entry 4988 (class 0 OID 0)
-- Dependencies: 235
-- Name: django_migrations_id_seq; Type: SEQUENCE SET; Schema: public; Owner: mg4
--

SELECT pg_catalog.setval('public.django_migrations_id_seq', 18, true);


--
-- TOC entry 4989 (class 0 OID 0)
-- Dependencies: 258
-- Name: floor_id_seq; Type: SEQUENCE SET; Schema: public; Owner: mg4
--

SELECT pg_catalog.setval('public.floor_id_seq', 1, true);


--
-- TOC entry 4990 (class 0 OID 0)
-- Dependencies: 254
-- Name: hospital_id_seq; Type: SEQUENCE SET; Schema: public; Owner: mg4
--

SELECT pg_catalog.setval('public.hospital_id_seq', 1, true);


--
-- TOC entry 4991 (class 0 OID 0)
-- Dependencies: 226
-- Name: model3d_id_seq; Type: SEQUENCE SET; Schema: public; Owner: mg4
--

SELECT pg_catalog.setval('public.model3d_id_seq', 1, false);


--
-- TOC entry 4992 (class 0 OID 0)
-- Dependencies: 230
-- Name: navedge_id_seq; Type: SEQUENCE SET; Schema: public; Owner: mg4
--

SELECT pg_catalog.setval('public.navedge_id_seq', 355, true);


--
-- TOC entry 4993 (class 0 OID 0)
-- Dependencies: 262
-- Name: navnode_id_seq; Type: SEQUENCE SET; Schema: public; Owner: mg4
--

SELECT pg_catalog.setval('public.navnode_id_seq', 70, true);


--
-- TOC entry 4994 (class 0 OID 0)
-- Dependencies: 260
-- Name: poi_id_seq; Type: SEQUENCE SET; Schema: public; Owner: mg4
--

SELECT pg_catalog.setval('public.poi_id_seq', 27, true);


--
-- TOC entry 4995 (class 0 OID 0)
-- Dependencies: 228
-- Name: service_id_seq; Type: SEQUENCE SET; Schema: public; Owner: mg4
--

SELECT pg_catalog.setval('public.service_id_seq', 10, true);


--
-- TOC entry 4705 (class 2606 OID 20956)
-- Name: auth_group auth_group_name_key; Type: CONSTRAINT; Schema: public; Owner: mg4
--

ALTER TABLE ONLY public.auth_group
    ADD CONSTRAINT auth_group_name_key UNIQUE (name);


--
-- TOC entry 4710 (class 2606 OID 20877)
-- Name: auth_group_permissions auth_group_permissions_group_id_permission_id_0cd325b0_uniq; Type: CONSTRAINT; Schema: public; Owner: mg4
--

ALTER TABLE ONLY public.auth_group_permissions
    ADD CONSTRAINT auth_group_permissions_group_id_permission_id_0cd325b0_uniq UNIQUE (group_id, permission_id);


--
-- TOC entry 4713 (class 2606 OID 20829)
-- Name: auth_group_permissions auth_group_permissions_pkey; Type: CONSTRAINT; Schema: public; Owner: mg4
--

ALTER TABLE ONLY public.auth_group_permissions
    ADD CONSTRAINT auth_group_permissions_pkey PRIMARY KEY (id);


--
-- TOC entry 4707 (class 2606 OID 20818)
-- Name: auth_group auth_group_pkey; Type: CONSTRAINT; Schema: public; Owner: mg4
--

ALTER TABLE ONLY public.auth_group
    ADD CONSTRAINT auth_group_pkey PRIMARY KEY (id);


--
-- TOC entry 4700 (class 2606 OID 20868)
-- Name: auth_permission auth_permission_content_type_id_codename_01ab375a_uniq; Type: CONSTRAINT; Schema: public; Owner: mg4
--

ALTER TABLE ONLY public.auth_permission
    ADD CONSTRAINT auth_permission_content_type_id_codename_01ab375a_uniq UNIQUE (content_type_id, codename);


--
-- TOC entry 4702 (class 2606 OID 20810)
-- Name: auth_permission auth_permission_pkey; Type: CONSTRAINT; Schema: public; Owner: mg4
--

ALTER TABLE ONLY public.auth_permission
    ADD CONSTRAINT auth_permission_pkey PRIMARY KEY (id);


--
-- TOC entry 4721 (class 2606 OID 20857)
-- Name: auth_user_groups auth_user_groups_pkey; Type: CONSTRAINT; Schema: public; Owner: mg4
--

ALTER TABLE ONLY public.auth_user_groups
    ADD CONSTRAINT auth_user_groups_pkey PRIMARY KEY (id);


--
-- TOC entry 4724 (class 2606 OID 20892)
-- Name: auth_user_groups auth_user_groups_user_id_group_id_94350c0c_uniq; Type: CONSTRAINT; Schema: public; Owner: mg4
--

ALTER TABLE ONLY public.auth_user_groups
    ADD CONSTRAINT auth_user_groups_user_id_group_id_94350c0c_uniq UNIQUE (user_id, group_id);


--
-- TOC entry 4715 (class 2606 OID 20846)
-- Name: auth_user auth_user_pkey; Type: CONSTRAINT; Schema: public; Owner: mg4
--

ALTER TABLE ONLY public.auth_user
    ADD CONSTRAINT auth_user_pkey PRIMARY KEY (id);


--
-- TOC entry 4727 (class 2606 OID 20866)
-- Name: auth_user_user_permissions auth_user_user_permissions_pkey; Type: CONSTRAINT; Schema: public; Owner: mg4
--

ALTER TABLE ONLY public.auth_user_user_permissions
    ADD CONSTRAINT auth_user_user_permissions_pkey PRIMARY KEY (id);


--
-- TOC entry 4730 (class 2606 OID 20906)
-- Name: auth_user_user_permissions auth_user_user_permissions_user_id_permission_id_14a6b632_uniq; Type: CONSTRAINT; Schema: public; Owner: mg4
--

ALTER TABLE ONLY public.auth_user_user_permissions
    ADD CONSTRAINT auth_user_user_permissions_user_id_permission_id_14a6b632_uniq UNIQUE (user_id, permission_id);


--
-- TOC entry 4718 (class 2606 OID 20949)
-- Name: auth_user auth_user_username_key; Type: CONSTRAINT; Schema: public; Owner: mg4
--

ALTER TABLE ONLY public.auth_user
    ADD CONSTRAINT auth_user_username_key UNIQUE (username);


--
-- TOC entry 4742 (class 2606 OID 22660)
-- Name: building building_code_key; Type: CONSTRAINT; Schema: public; Owner: mg4
--

ALTER TABLE ONLY public.building
    ADD CONSTRAINT building_code_key UNIQUE (code);


--
-- TOC entry 4744 (class 2606 OID 22658)
-- Name: building building_pkey; Type: CONSTRAINT; Schema: public; Owner: mg4
--

ALTER TABLE ONLY public.building
    ADD CONSTRAINT building_pkey PRIMARY KEY (id);


--
-- TOC entry 4733 (class 2606 OID 20933)
-- Name: django_admin_log django_admin_log_pkey; Type: CONSTRAINT; Schema: public; Owner: mg4
--

ALTER TABLE ONLY public.django_admin_log
    ADD CONSTRAINT django_admin_log_pkey PRIMARY KEY (id);


--
-- TOC entry 4695 (class 2606 OID 20800)
-- Name: django_content_type django_content_type_app_label_model_76bd3d3b_uniq; Type: CONSTRAINT; Schema: public; Owner: mg4
--

ALTER TABLE ONLY public.django_content_type
    ADD CONSTRAINT django_content_type_app_label_model_76bd3d3b_uniq UNIQUE (app_label, model);


--
-- TOC entry 4697 (class 2606 OID 20798)
-- Name: django_content_type django_content_type_pkey; Type: CONSTRAINT; Schema: public; Owner: mg4
--

ALTER TABLE ONLY public.django_content_type
    ADD CONSTRAINT django_content_type_pkey PRIMARY KEY (id);


--
-- TOC entry 4693 (class 2606 OID 20788)
-- Name: django_migrations django_migrations_pkey; Type: CONSTRAINT; Schema: public; Owner: mg4
--

ALTER TABLE ONLY public.django_migrations
    ADD CONSTRAINT django_migrations_pkey PRIMARY KEY (id);


--
-- TOC entry 4737 (class 2606 OID 20969)
-- Name: django_session django_session_pkey; Type: CONSTRAINT; Schema: public; Owner: mg4
--

ALTER TABLE ONLY public.django_session
    ADD CONSTRAINT django_session_pkey PRIMARY KEY (session_key);


--
-- TOC entry 4746 (class 2606 OID 22677)
-- Name: floor floor_pkey; Type: CONSTRAINT; Schema: public; Owner: mg4
--

ALTER TABLE ONLY public.floor
    ADD CONSTRAINT floor_pkey PRIMARY KEY (id);


--
-- TOC entry 4740 (class 2606 OID 22647)
-- Name: hospital hospital_pkey; Type: CONSTRAINT; Schema: public; Owner: mg4
--

ALTER TABLE ONLY public.hospital
    ADD CONSTRAINT hospital_pkey PRIMARY KEY (id);


--
-- TOC entry 4687 (class 2606 OID 18142)
-- Name: language language_pkey; Type: CONSTRAINT; Schema: public; Owner: mg4
--

ALTER TABLE ONLY public.language
    ADD CONSTRAINT language_pkey PRIMARY KEY (code);


--
-- TOC entry 4679 (class 2606 OID 18048)
-- Name: model3d model3d_pkey; Type: CONSTRAINT; Schema: public; Owner: mg4
--

ALTER TABLE ONLY public.model3d
    ADD CONSTRAINT model3d_pkey PRIMARY KEY (id);


--
-- TOC entry 4685 (class 2606 OID 18123)
-- Name: navedge navedge_pkey; Type: CONSTRAINT; Schema: public; Owner: mg4
--

ALTER TABLE ONLY public.navedge
    ADD CONSTRAINT navedge_pkey PRIMARY KEY (id);


--
-- TOC entry 4691 (class 2606 OID 18198)
-- Name: navigationsession navigationsession_pkey; Type: CONSTRAINT; Schema: public; Owner: mg4
--

ALTER TABLE ONLY public.navigationsession
    ADD CONSTRAINT navigationsession_pkey PRIMARY KEY (id);


--
-- TOC entry 4750 (class 2606 OID 22717)
-- Name: navnode navnode_pkey; Type: CONSTRAINT; Schema: public; Owner: mg4
--

ALTER TABLE ONLY public.navnode
    ADD CONSTRAINT navnode_pkey PRIMARY KEY (id);


--
-- TOC entry 4748 (class 2606 OID 22695)
-- Name: poi poi_pkey; Type: CONSTRAINT; Schema: public; Owner: mg4
--

ALTER TABLE ONLY public.poi
    ADD CONSTRAINT poi_pkey PRIMARY KEY (id);


--
-- TOC entry 4752 (class 2606 OID 22732)
-- Name: poitranslation poitranslation_pkey; Type: CONSTRAINT; Schema: public; Owner: mg4
--

ALTER TABLE ONLY public.poitranslation
    ADD CONSTRAINT poitranslation_pkey PRIMARY KEY (poi_id, lang_code);


--
-- TOC entry 4681 (class 2606 OID 18071)
-- Name: service service_code_key; Type: CONSTRAINT; Schema: public; Owner: mg4
--

ALTER TABLE ONLY public.service
    ADD CONSTRAINT service_code_key UNIQUE (code);


--
-- TOC entry 4683 (class 2606 OID 18069)
-- Name: service service_pkey; Type: CONSTRAINT; Schema: public; Owner: mg4
--

ALTER TABLE ONLY public.service
    ADD CONSTRAINT service_pkey PRIMARY KEY (id);


--
-- TOC entry 4689 (class 2606 OID 18152)
-- Name: servicetranslation servicetranslation_pkey; Type: CONSTRAINT; Schema: public; Owner: mg4
--

ALTER TABLE ONLY public.servicetranslation
    ADD CONSTRAINT servicetranslation_pkey PRIMARY KEY (service_id, lang_code);


--
-- TOC entry 4703 (class 1259 OID 20957)
-- Name: auth_group_name_a6ea08ec_like; Type: INDEX; Schema: public; Owner: mg4
--

CREATE INDEX auth_group_name_a6ea08ec_like ON public.auth_group USING btree (name varchar_pattern_ops);


--
-- TOC entry 4708 (class 1259 OID 20888)
-- Name: auth_group_permissions_group_id_b120cbf9; Type: INDEX; Schema: public; Owner: mg4
--

CREATE INDEX auth_group_permissions_group_id_b120cbf9 ON public.auth_group_permissions USING btree (group_id);


--
-- TOC entry 4711 (class 1259 OID 20889)
-- Name: auth_group_permissions_permission_id_84c5c92e; Type: INDEX; Schema: public; Owner: mg4
--

CREATE INDEX auth_group_permissions_permission_id_84c5c92e ON public.auth_group_permissions USING btree (permission_id);


--
-- TOC entry 4698 (class 1259 OID 20874)
-- Name: auth_permission_content_type_id_2f476e4b; Type: INDEX; Schema: public; Owner: mg4
--

CREATE INDEX auth_permission_content_type_id_2f476e4b ON public.auth_permission USING btree (content_type_id);


--
-- TOC entry 4719 (class 1259 OID 20904)
-- Name: auth_user_groups_group_id_97559544; Type: INDEX; Schema: public; Owner: mg4
--

CREATE INDEX auth_user_groups_group_id_97559544 ON public.auth_user_groups USING btree (group_id);


--
-- TOC entry 4722 (class 1259 OID 20903)
-- Name: auth_user_groups_user_id_6a12ed8b; Type: INDEX; Schema: public; Owner: mg4
--

CREATE INDEX auth_user_groups_user_id_6a12ed8b ON public.auth_user_groups USING btree (user_id);


--
-- TOC entry 4725 (class 1259 OID 20918)
-- Name: auth_user_user_permissions_permission_id_1fbb5f2c; Type: INDEX; Schema: public; Owner: mg4
--

CREATE INDEX auth_user_user_permissions_permission_id_1fbb5f2c ON public.auth_user_user_permissions USING btree (permission_id);


--
-- TOC entry 4728 (class 1259 OID 20917)
-- Name: auth_user_user_permissions_user_id_a95ead1b; Type: INDEX; Schema: public; Owner: mg4
--

CREATE INDEX auth_user_user_permissions_user_id_a95ead1b ON public.auth_user_user_permissions USING btree (user_id);


--
-- TOC entry 4716 (class 1259 OID 20950)
-- Name: auth_user_username_6821ab7c_like; Type: INDEX; Schema: public; Owner: mg4
--

CREATE INDEX auth_user_username_6821ab7c_like ON public.auth_user USING btree (username varchar_pattern_ops);


--
-- TOC entry 4731 (class 1259 OID 20944)
-- Name: django_admin_log_content_type_id_c4bce8eb; Type: INDEX; Schema: public; Owner: mg4
--

CREATE INDEX django_admin_log_content_type_id_c4bce8eb ON public.django_admin_log USING btree (content_type_id);


--
-- TOC entry 4734 (class 1259 OID 20945)
-- Name: django_admin_log_user_id_c564eba6; Type: INDEX; Schema: public; Owner: mg4
--

CREATE INDEX django_admin_log_user_id_c564eba6 ON public.django_admin_log USING btree (user_id);


--
-- TOC entry 4735 (class 1259 OID 20971)
-- Name: django_session_expire_date_a5c62663; Type: INDEX; Schema: public; Owner: mg4
--

CREATE INDEX django_session_expire_date_a5c62663 ON public.django_session USING btree (expire_date);


--
-- TOC entry 4738 (class 1259 OID 20970)
-- Name: django_session_session_key_c0390e0f_like; Type: INDEX; Schema: public; Owner: mg4
--

CREATE INDEX django_session_session_key_c0390e0f_like ON public.django_session USING btree (session_key varchar_pattern_ops);


--
-- TOC entry 4757 (class 2606 OID 20883)
-- Name: auth_group_permissions auth_group_permissio_permission_id_84c5c92e_fk_auth_perm; Type: FK CONSTRAINT; Schema: public; Owner: mg4
--

ALTER TABLE ONLY public.auth_group_permissions
    ADD CONSTRAINT auth_group_permissio_permission_id_84c5c92e_fk_auth_perm FOREIGN KEY (permission_id) REFERENCES public.auth_permission(id) DEFERRABLE INITIALLY DEFERRED;


--
-- TOC entry 4758 (class 2606 OID 20878)
-- Name: auth_group_permissions auth_group_permissions_group_id_b120cbf9_fk_auth_group_id; Type: FK CONSTRAINT; Schema: public; Owner: mg4
--

ALTER TABLE ONLY public.auth_group_permissions
    ADD CONSTRAINT auth_group_permissions_group_id_b120cbf9_fk_auth_group_id FOREIGN KEY (group_id) REFERENCES public.auth_group(id) DEFERRABLE INITIALLY DEFERRED;


--
-- TOC entry 4756 (class 2606 OID 20869)
-- Name: auth_permission auth_permission_content_type_id_2f476e4b_fk_django_co; Type: FK CONSTRAINT; Schema: public; Owner: mg4
--

ALTER TABLE ONLY public.auth_permission
    ADD CONSTRAINT auth_permission_content_type_id_2f476e4b_fk_django_co FOREIGN KEY (content_type_id) REFERENCES public.django_content_type(id) DEFERRABLE INITIALLY DEFERRED;


--
-- TOC entry 4759 (class 2606 OID 20898)
-- Name: auth_user_groups auth_user_groups_group_id_97559544_fk_auth_group_id; Type: FK CONSTRAINT; Schema: public; Owner: mg4
--

ALTER TABLE ONLY public.auth_user_groups
    ADD CONSTRAINT auth_user_groups_group_id_97559544_fk_auth_group_id FOREIGN KEY (group_id) REFERENCES public.auth_group(id) DEFERRABLE INITIALLY DEFERRED;


--
-- TOC entry 4760 (class 2606 OID 20893)
-- Name: auth_user_groups auth_user_groups_user_id_6a12ed8b_fk_auth_user_id; Type: FK CONSTRAINT; Schema: public; Owner: mg4
--

ALTER TABLE ONLY public.auth_user_groups
    ADD CONSTRAINT auth_user_groups_user_id_6a12ed8b_fk_auth_user_id FOREIGN KEY (user_id) REFERENCES public.auth_user(id) DEFERRABLE INITIALLY DEFERRED;


--
-- TOC entry 4761 (class 2606 OID 20912)
-- Name: auth_user_user_permissions auth_user_user_permi_permission_id_1fbb5f2c_fk_auth_perm; Type: FK CONSTRAINT; Schema: public; Owner: mg4
--

ALTER TABLE ONLY public.auth_user_user_permissions
    ADD CONSTRAINT auth_user_user_permi_permission_id_1fbb5f2c_fk_auth_perm FOREIGN KEY (permission_id) REFERENCES public.auth_permission(id) DEFERRABLE INITIALLY DEFERRED;


--
-- TOC entry 4762 (class 2606 OID 20907)
-- Name: auth_user_user_permissions auth_user_user_permissions_user_id_a95ead1b_fk_auth_user_id; Type: FK CONSTRAINT; Schema: public; Owner: mg4
--

ALTER TABLE ONLY public.auth_user_user_permissions
    ADD CONSTRAINT auth_user_user_permissions_user_id_a95ead1b_fk_auth_user_id FOREIGN KEY (user_id) REFERENCES public.auth_user(id) DEFERRABLE INITIALLY DEFERRED;


--
-- TOC entry 4763 (class 2606 OID 20934)
-- Name: django_admin_log django_admin_log_content_type_id_c4bce8eb_fk_django_co; Type: FK CONSTRAINT; Schema: public; Owner: mg4
--

ALTER TABLE ONLY public.django_admin_log
    ADD CONSTRAINT django_admin_log_content_type_id_c4bce8eb_fk_django_co FOREIGN KEY (content_type_id) REFERENCES public.django_content_type(id) DEFERRABLE INITIALLY DEFERRED;


--
-- TOC entry 4764 (class 2606 OID 20939)
-- Name: django_admin_log django_admin_log_user_id_c564eba6_fk_auth_user_id; Type: FK CONSTRAINT; Schema: public; Owner: mg4
--

ALTER TABLE ONLY public.django_admin_log
    ADD CONSTRAINT django_admin_log_user_id_c564eba6_fk_auth_user_id FOREIGN KEY (user_id) REFERENCES public.auth_user(id) DEFERRABLE INITIALLY DEFERRED;


--
-- TOC entry 4765 (class 2606 OID 22661)
-- Name: building fk_building_hospital; Type: FK CONSTRAINT; Schema: public; Owner: mg4
--

ALTER TABLE ONLY public.building
    ADD CONSTRAINT fk_building_hospital FOREIGN KEY (hospital_id) REFERENCES public.hospital(id) ON DELETE CASCADE;


--
-- TOC entry 4766 (class 2606 OID 22678)
-- Name: floor fk_floor_building; Type: FK CONSTRAINT; Schema: public; Owner: mg4
--

ALTER TABLE ONLY public.floor
    ADD CONSTRAINT fk_floor_building FOREIGN KEY (building_id) REFERENCES public.building(id) ON DELETE CASCADE;


--
-- TOC entry 4755 (class 2606 OID 18204)
-- Name: navigationsession fk_navigationsession_language; Type: FK CONSTRAINT; Schema: public; Owner: mg4
--

ALTER TABLE ONLY public.navigationsession
    ADD CONSTRAINT fk_navigationsession_language FOREIGN KEY (language_code) REFERENCES public.language(code) ON DELETE RESTRICT;


--
-- TOC entry 4769 (class 2606 OID 22718)
-- Name: navnode fk_navnode_floor; Type: FK CONSTRAINT; Schema: public; Owner: mg4
--

ALTER TABLE ONLY public.navnode
    ADD CONSTRAINT fk_navnode_floor FOREIGN KEY (floor_id) REFERENCES public.floor(id) ON DELETE CASCADE;


--
-- TOC entry 4767 (class 2606 OID 22696)
-- Name: poi fk_poi_floor; Type: FK CONSTRAINT; Schema: public; Owner: mg4
--

ALTER TABLE ONLY public.poi
    ADD CONSTRAINT fk_poi_floor FOREIGN KEY (floor_id) REFERENCES public.floor(id) ON DELETE CASCADE;


--
-- TOC entry 4768 (class 2606 OID 22701)
-- Name: poi fk_poi_service; Type: FK CONSTRAINT; Schema: public; Owner: mg4
--

ALTER TABLE ONLY public.poi
    ADD CONSTRAINT fk_poi_service FOREIGN KEY (service_id) REFERENCES public.service(id) ON DELETE SET NULL;


--
-- TOC entry 4770 (class 2606 OID 22738)
-- Name: poitranslation fk_poitranslation_language; Type: FK CONSTRAINT; Schema: public; Owner: mg4
--

ALTER TABLE ONLY public.poitranslation
    ADD CONSTRAINT fk_poitranslation_language FOREIGN KEY (lang_code) REFERENCES public.language(code) ON DELETE CASCADE;


--
-- TOC entry 4771 (class 2606 OID 22733)
-- Name: poitranslation fk_poitranslation_poi; Type: FK CONSTRAINT; Schema: public; Owner: mg4
--

ALTER TABLE ONLY public.poitranslation
    ADD CONSTRAINT fk_poitranslation_poi FOREIGN KEY (poi_id) REFERENCES public.poi(id) ON DELETE CASCADE;


--
-- TOC entry 4753 (class 2606 OID 18158)
-- Name: servicetranslation fk_servicetranslation_language; Type: FK CONSTRAINT; Schema: public; Owner: mg4
--

ALTER TABLE ONLY public.servicetranslation
    ADD CONSTRAINT fk_servicetranslation_language FOREIGN KEY (lang_code) REFERENCES public.language(code) ON DELETE CASCADE;


--
-- TOC entry 4754 (class 2606 OID 18153)
-- Name: servicetranslation fk_servicetranslation_service; Type: FK CONSTRAINT; Schema: public; Owner: mg4
--

ALTER TABLE ONLY public.servicetranslation
    ADD CONSTRAINT fk_servicetranslation_service FOREIGN KEY (service_id) REFERENCES public.service(id) ON DELETE CASCADE;


-- Completed on 2025-12-09 23:44:45 GMT

--
-- PostgreSQL database dump complete
--

\unrestrict Ef5qV7dbP8J1xUg7j28nyF5QVvZ0G4aX9P4fbqh7dYQ8ygl1FZdTuqCF2toYCnU

