--
-- PostgreSQL database dump
--

\restrict bQ17cIjClIEomakSMjM5p8agWePyspbnYWuq1uJC2KFotpH7ID9wtMLb5ll5pA1

-- Dumped from database version 18.1 (Ubuntu 18.1-1.pgdg24.04+2)
-- Dumped by pg_dump version 18.1

-- Started on 2025-12-06 18:38:55 GMT

SET statement_timeout = 0;
SET lock_timeout = 0;
SET idle_in_transaction_session_timeout = 0;
SET transaction_timeout = 0;
SET client_encoding = 'UTF8';
SET standard_conforming_strings = on;
SELECT pg_catalog.set_config('search_path', '', false);
SET check_function_bodies = false;
SET xmloption = content;
SET client_min_messages = warning;
SET row_security = off;

DROP DATABASE IF EXISTS lochops;
--
-- TOC entry 4975 (class 1262 OID 16385)
-- Name: lochops; Type: DATABASE; Schema: -; Owner: mg4
--

CREATE DATABASE lochops WITH TEMPLATE = template0 ENCODING = 'UTF8' LOCALE_PROVIDER = libc LOCALE = 'fr_FR.UTF-8';


ALTER DATABASE lochops OWNER TO mg4;

\unrestrict bQ17cIjClIEomakSMjM5p8agWePyspbnYWuq1uJC2KFotpH7ID9wtMLb5ll5pA1
\connect lochops
\restrict bQ17cIjClIEomakSMjM5p8agWePyspbnYWuq1uJC2KFotpH7ID9wtMLb5ll5pA1

SET statement_timeout = 0;
SET lock_timeout = 0;
SET idle_in_transaction_session_timeout = 0;
SET transaction_timeout = 0;
SET client_encoding = 'UTF8';
SET standard_conforming_strings = on;
SELECT pg_catalog.set_config('search_path', '', false);
SET check_function_bodies = false;
SET xmloption = content;
SET client_min_messages = warning;
SET row_security = off;

--
-- TOC entry 2 (class 3079 OID 16902)
-- Name: postgis; Type: EXTENSION; Schema: -; Owner: -
--

CREATE EXTENSION IF NOT EXISTS postgis WITH SCHEMA public;


--
-- TOC entry 4976 (class 0 OID 0)
-- Dependencies: 2
-- Name: EXTENSION postgis; Type: COMMENT; Schema: -; Owner: 
--

COMMENT ON EXTENSION postgis IS 'PostGIS geometry and geography spatial types and functions';


--
-- TOC entry 3 (class 3079 OID 20973)
-- Name: pgrouting; Type: EXTENSION; Schema: -; Owner: -
--

CREATE EXTENSION IF NOT EXISTS pgrouting WITH SCHEMA public;


--
-- TOC entry 4977 (class 0 OID 0)
-- Dependencies: 3
-- Name: EXTENSION pgrouting; Type: COMMENT; Schema: -; Owner: 
--

COMMENT ON EXTENSION pgrouting IS 'pgRouting Extension';


--
-- TOC entry 1071 (class 1255 OID 20972)
-- Name: calculate_path(integer, integer); Type: FUNCTION; Schema: public; Owner: mg4
--

CREATE FUNCTION public.calculate_path(start_node_id integer, end_node_id integer) RETURNS TABLE(seq integer, path_seq integer, node integer, edge integer, cost numeric, agg_cost numeric, geom public.geometry)
    LANGUAGE plpgsql
    AS $$
BEGIN
    RETURN QUERY
    SELECT
        pgr.seq,
        pgr.path_seq,
        pgr.node,
        pgr.edge,
        pgr.cost,
        pgr.agg_cost,
        e.geom
    FROM pgr_dijkstra(
        -- Edges query: Must return id, source, target, cost
        'SELECT id, node_from_id AS source, node_to_id AS target, length_m AS cost FROM "NavEdge" WHERE is_accessible = true',
        start_node_id,
        end_node_id,
        directed := false
    ) AS pgr
    LEFT JOIN "NavEdge" e ON pgr.edge = e.id
    ORDER BY pgr.seq;
END;
$$;


ALTER FUNCTION public.calculate_path(start_node_id integer, end_node_id integer) OWNER TO mg4;

SET default_tablespace = '';

SET default_table_access_method = heap;

--
-- TOC entry 253 (class 1259 OID 20812)
-- Name: auth_group; Type: TABLE; Schema: public; Owner: mg4
--

CREATE TABLE public.auth_group (
    id integer NOT NULL,
    name character varying(150) NOT NULL
);


ALTER TABLE public.auth_group OWNER TO mg4;

--
-- TOC entry 252 (class 1259 OID 20811)
-- Name: auth_group_id_seq; Type: SEQUENCE; Schema: public; Owner: mg4
--

ALTER TABLE public.auth_group ALTER COLUMN id ADD GENERATED BY DEFAULT AS IDENTITY (
    SEQUENCE NAME public.auth_group_id_seq
    START WITH 1
    INCREMENT BY 1
    NO MINVALUE
    NO MAXVALUE
    CACHE 1
);


--
-- TOC entry 255 (class 1259 OID 20822)
-- Name: auth_group_permissions; Type: TABLE; Schema: public; Owner: mg4
--

CREATE TABLE public.auth_group_permissions (
    id bigint NOT NULL,
    group_id integer NOT NULL,
    permission_id integer NOT NULL
);


ALTER TABLE public.auth_group_permissions OWNER TO mg4;

--
-- TOC entry 254 (class 1259 OID 20821)
-- Name: auth_group_permissions_id_seq; Type: SEQUENCE; Schema: public; Owner: mg4
--

ALTER TABLE public.auth_group_permissions ALTER COLUMN id ADD GENERATED BY DEFAULT AS IDENTITY (
    SEQUENCE NAME public.auth_group_permissions_id_seq
    START WITH 1
    INCREMENT BY 1
    NO MINVALUE
    NO MAXVALUE
    CACHE 1
);


--
-- TOC entry 251 (class 1259 OID 20802)
-- Name: auth_permission; Type: TABLE; Schema: public; Owner: mg4
--

CREATE TABLE public.auth_permission (
    id integer NOT NULL,
    name character varying(255) NOT NULL,
    content_type_id integer NOT NULL,
    codename character varying(100) NOT NULL
);


ALTER TABLE public.auth_permission OWNER TO mg4;

--
-- TOC entry 250 (class 1259 OID 20801)
-- Name: auth_permission_id_seq; Type: SEQUENCE; Schema: public; Owner: mg4
--

ALTER TABLE public.auth_permission ALTER COLUMN id ADD GENERATED BY DEFAULT AS IDENTITY (
    SEQUENCE NAME public.auth_permission_id_seq
    START WITH 1
    INCREMENT BY 1
    NO MINVALUE
    NO MAXVALUE
    CACHE 1
);


--
-- TOC entry 257 (class 1259 OID 20831)
-- Name: auth_user; Type: TABLE; Schema: public; Owner: mg4
--

CREATE TABLE public.auth_user (
    id integer NOT NULL,
    password character varying(128) NOT NULL,
    last_login timestamp with time zone,
    is_superuser boolean NOT NULL,
    username character varying(150) NOT NULL,
    first_name character varying(150) NOT NULL,
    last_name character varying(150) NOT NULL,
    email character varying(254) NOT NULL,
    is_staff boolean NOT NULL,
    is_active boolean NOT NULL,
    date_joined timestamp with time zone NOT NULL
);


ALTER TABLE public.auth_user OWNER TO mg4;

--
-- TOC entry 259 (class 1259 OID 20850)
-- Name: auth_user_groups; Type: TABLE; Schema: public; Owner: mg4
--

CREATE TABLE public.auth_user_groups (
    id bigint NOT NULL,
    user_id integer NOT NULL,
    group_id integer NOT NULL
);


ALTER TABLE public.auth_user_groups OWNER TO mg4;

--
-- TOC entry 258 (class 1259 OID 20849)
-- Name: auth_user_groups_id_seq; Type: SEQUENCE; Schema: public; Owner: mg4
--

ALTER TABLE public.auth_user_groups ALTER COLUMN id ADD GENERATED BY DEFAULT AS IDENTITY (
    SEQUENCE NAME public.auth_user_groups_id_seq
    START WITH 1
    INCREMENT BY 1
    NO MINVALUE
    NO MAXVALUE
    CACHE 1
);


--
-- TOC entry 256 (class 1259 OID 20830)
-- Name: auth_user_id_seq; Type: SEQUENCE; Schema: public; Owner: mg4
--

ALTER TABLE public.auth_user ALTER COLUMN id ADD GENERATED BY DEFAULT AS IDENTITY (
    SEQUENCE NAME public.auth_user_id_seq
    START WITH 1
    INCREMENT BY 1
    NO MINVALUE
    NO MAXVALUE
    CACHE 1
);


--
-- TOC entry 261 (class 1259 OID 20859)
-- Name: auth_user_user_permissions; Type: TABLE; Schema: public; Owner: mg4
--

CREATE TABLE public.auth_user_user_permissions (
    id bigint NOT NULL,
    user_id integer NOT NULL,
    permission_id integer NOT NULL
);


ALTER TABLE public.auth_user_user_permissions OWNER TO mg4;

--
-- TOC entry 260 (class 1259 OID 20858)
-- Name: auth_user_user_permissions_id_seq; Type: SEQUENCE; Schema: public; Owner: mg4
--

ALTER TABLE public.auth_user_user_permissions ALTER COLUMN id ADD GENERATED BY DEFAULT AS IDENTITY (
    SEQUENCE NAME public.auth_user_user_permissions_id_seq
    START WITH 1
    INCREMENT BY 1
    NO MINVALUE
    NO MAXVALUE
    CACHE 1
);


--
-- TOC entry 229 (class 1259 OID 18003)
-- Name: building; Type: TABLE; Schema: public; Owner: mg4
--

CREATE TABLE public.building (
    id integer NOT NULL,
    code character varying,
    default_name character varying,
    footprint public.geometry(Polygon,4326),
    hospital_id integer NOT NULL
);


ALTER TABLE public.building OWNER TO mg4;

--
-- TOC entry 228 (class 1259 OID 18002)
-- Name: building_id_seq; Type: SEQUENCE; Schema: public; Owner: mg4
--

CREATE SEQUENCE public.building_id_seq
    AS integer
    START WITH 1
    INCREMENT BY 1
    NO MINVALUE
    NO MAXVALUE
    CACHE 1;


ALTER SEQUENCE public.building_id_seq OWNER TO mg4;

--
-- TOC entry 4978 (class 0 OID 0)
-- Dependencies: 228
-- Name: building_id_seq; Type: SEQUENCE OWNED BY; Schema: public; Owner: mg4
--

ALTER SEQUENCE public.building_id_seq OWNED BY public.building.id;


--
-- TOC entry 263 (class 1259 OID 20920)
-- Name: django_admin_log; Type: TABLE; Schema: public; Owner: mg4
--

CREATE TABLE public.django_admin_log (
    id integer NOT NULL,
    action_time timestamp with time zone NOT NULL,
    object_id text,
    object_repr character varying(200) NOT NULL,
    action_flag smallint NOT NULL,
    change_message text NOT NULL,
    content_type_id integer,
    user_id integer NOT NULL,
    CONSTRAINT django_admin_log_action_flag_check CHECK ((action_flag >= 0))
);


ALTER TABLE public.django_admin_log OWNER TO mg4;

--
-- TOC entry 262 (class 1259 OID 20919)
-- Name: django_admin_log_id_seq; Type: SEQUENCE; Schema: public; Owner: mg4
--

ALTER TABLE public.django_admin_log ALTER COLUMN id ADD GENERATED BY DEFAULT AS IDENTITY (
    SEQUENCE NAME public.django_admin_log_id_seq
    START WITH 1
    INCREMENT BY 1
    NO MINVALUE
    NO MAXVALUE
    CACHE 1
);


--
-- TOC entry 249 (class 1259 OID 20790)
-- Name: django_content_type; Type: TABLE; Schema: public; Owner: mg4
--

CREATE TABLE public.django_content_type (
    id integer NOT NULL,
    app_label character varying(100) NOT NULL,
    model character varying(100) NOT NULL
);


ALTER TABLE public.django_content_type OWNER TO mg4;

--
-- TOC entry 248 (class 1259 OID 20789)
-- Name: django_content_type_id_seq; Type: SEQUENCE; Schema: public; Owner: mg4
--

ALTER TABLE public.django_content_type ALTER COLUMN id ADD GENERATED BY DEFAULT AS IDENTITY (
    SEQUENCE NAME public.django_content_type_id_seq
    START WITH 1
    INCREMENT BY 1
    NO MINVALUE
    NO MAXVALUE
    CACHE 1
);


--
-- TOC entry 247 (class 1259 OID 20778)
-- Name: django_migrations; Type: TABLE; Schema: public; Owner: mg4
--

CREATE TABLE public.django_migrations (
    id bigint NOT NULL,
    app character varying(255) NOT NULL,
    name character varying(255) NOT NULL,
    applied timestamp with time zone NOT NULL
);


ALTER TABLE public.django_migrations OWNER TO mg4;

--
-- TOC entry 246 (class 1259 OID 20777)
-- Name: django_migrations_id_seq; Type: SEQUENCE; Schema: public; Owner: mg4
--

ALTER TABLE public.django_migrations ALTER COLUMN id ADD GENERATED BY DEFAULT AS IDENTITY (
    SEQUENCE NAME public.django_migrations_id_seq
    START WITH 1
    INCREMENT BY 1
    NO MINVALUE
    NO MAXVALUE
    CACHE 1
);


--
-- TOC entry 264 (class 1259 OID 20960)
-- Name: django_session; Type: TABLE; Schema: public; Owner: mg4
--

CREATE TABLE public.django_session (
    session_key character varying(40) NOT NULL,
    session_data text NOT NULL,
    expire_date timestamp with time zone NOT NULL
);


ALTER TABLE public.django_session OWNER TO mg4;

--
-- TOC entry 231 (class 1259 OID 18021)
-- Name: floor; Type: TABLE; Schema: public; Owner: mg4
--

CREATE TABLE public.floor (
    id integer NOT NULL,
    level_index integer NOT NULL,
    name character varying,
    height_m numeric(5,2),
    plan_geom public.geometry(MultiPolygon,4326),
    z_min_m numeric(6,2),
    z_max_m numeric(6,2),
    building_id integer NOT NULL
);


ALTER TABLE public.floor OWNER TO mg4;

--
-- TOC entry 230 (class 1259 OID 18020)
-- Name: floor_id_seq; Type: SEQUENCE; Schema: public; Owner: mg4
--

CREATE SEQUENCE public.floor_id_seq
    AS integer
    START WITH 1
    INCREMENT BY 1
    NO MINVALUE
    NO MAXVALUE
    CACHE 1;


ALTER SEQUENCE public.floor_id_seq OWNER TO mg4;

--
-- TOC entry 4979 (class 0 OID 0)
-- Dependencies: 230
-- Name: floor_id_seq; Type: SEQUENCE OWNED BY; Schema: public; Owner: mg4
--

ALTER SEQUENCE public.floor_id_seq OWNED BY public.floor.id;


--
-- TOC entry 227 (class 1259 OID 17992)
-- Name: hospital; Type: TABLE; Schema: public; Owner: mg4
--

CREATE TABLE public.hospital (
    id integer NOT NULL,
    name character varying NOT NULL,
    address text,
    boundary public.geometry(Polygon,4326)
);


ALTER TABLE public.hospital OWNER TO mg4;

--
-- TOC entry 226 (class 1259 OID 17991)
-- Name: hospital_id_seq; Type: SEQUENCE; Schema: public; Owner: mg4
--

CREATE SEQUENCE public.hospital_id_seq
    AS integer
    START WITH 1
    INCREMENT BY 1
    NO MINVALUE
    NO MAXVALUE
    CACHE 1;


ALTER SEQUENCE public.hospital_id_seq OWNER TO mg4;

--
-- TOC entry 4980 (class 0 OID 0)
-- Dependencies: 226
-- Name: hospital_id_seq; Type: SEQUENCE OWNED BY; Schema: public; Owner: mg4
--

ALTER SEQUENCE public.hospital_id_seq OWNED BY public.hospital.id;


--
-- TOC entry 242 (class 1259 OID 18134)
-- Name: language; Type: TABLE; Schema: public; Owner: mg4
--

CREATE TABLE public.language (
    code character varying(5) NOT NULL,
    name character varying NOT NULL
);


ALTER TABLE public.language OWNER TO mg4;

--
-- TOC entry 233 (class 1259 OID 18038)
-- Name: model3d; Type: TABLE; Schema: public; Owner: mg4
--

CREATE TABLE public.model3d (
    id integer NOT NULL,
    description text,
    file_path character varying NOT NULL,
    format character varying,
    building_id integer NOT NULL,
    floor_id integer
);


ALTER TABLE public.model3d OWNER TO mg4;

--
-- TOC entry 232 (class 1259 OID 18037)
-- Name: model3d_id_seq; Type: SEQUENCE; Schema: public; Owner: mg4
--

CREATE SEQUENCE public.model3d_id_seq
    AS integer
    START WITH 1
    INCREMENT BY 1
    NO MINVALUE
    NO MAXVALUE
    CACHE 1;


ALTER SEQUENCE public.model3d_id_seq OWNER TO mg4;

--
-- TOC entry 4981 (class 0 OID 0)
-- Dependencies: 232
-- Name: model3d_id_seq; Type: SEQUENCE OWNED BY; Schema: public; Owner: mg4
--

ALTER SEQUENCE public.model3d_id_seq OWNED BY public.model3d.id;


--
-- TOC entry 241 (class 1259 OID 18112)
-- Name: navedge; Type: TABLE; Schema: public; Owner: mg4
--

CREATE TABLE public.navedge (
    id integer NOT NULL,
    is_accessible boolean DEFAULT true,
    length_m numeric(8,2),
    kind character varying,
    geom public.geometry(LineStringZ,4326),
    node_from_id integer NOT NULL,
    node_to_id integer NOT NULL
);


ALTER TABLE public.navedge OWNER TO mg4;

--
-- TOC entry 240 (class 1259 OID 18111)
-- Name: navedge_id_seq; Type: SEQUENCE; Schema: public; Owner: mg4
--

CREATE SEQUENCE public.navedge_id_seq
    AS integer
    START WITH 1
    INCREMENT BY 1
    NO MINVALUE
    NO MAXVALUE
    CACHE 1;


ALTER SEQUENCE public.navedge_id_seq OWNER TO mg4;

--
-- TOC entry 4982 (class 0 OID 0)
-- Dependencies: 240
-- Name: navedge_id_seq; Type: SEQUENCE OWNED BY; Schema: public; Owner: mg4
--

ALTER SEQUENCE public.navedge_id_seq OWNED BY public.navedge.id;


--
-- TOC entry 245 (class 1259 OID 18183)
-- Name: navigationsession; Type: TABLE; Schema: public; Owner: mg4
--

CREATE TABLE public.navigationsession (
    id uuid DEFAULT gen_random_uuid() NOT NULL,
    created_at timestamp with time zone DEFAULT now(),
    via_qr boolean DEFAULT false,
    via_print boolean DEFAULT false,
    path_geom public.geometry(MultiLineString,4326),
    hospital_id integer NOT NULL,
    language_code character varying(5) NOT NULL,
    poi_from_id integer NOT NULL,
    poi_to_id integer NOT NULL
);


ALTER TABLE public.navigationsession OWNER TO mg4;

--
-- TOC entry 239 (class 1259 OID 18095)
-- Name: navnode; Type: TABLE; Schema: public; Owner: mg4
--

CREATE TABLE public.navnode (
    id integer NOT NULL,
    kind character varying,
    geom public.geometry(PointZ,4326) NOT NULL,
    floor_id integer NOT NULL
);


ALTER TABLE public.navnode OWNER TO mg4;

--
-- TOC entry 238 (class 1259 OID 18094)
-- Name: navnode_id_seq; Type: SEQUENCE; Schema: public; Owner: mg4
--

CREATE SEQUENCE public.navnode_id_seq
    AS integer
    START WITH 1
    INCREMENT BY 1
    NO MINVALUE
    NO MAXVALUE
    CACHE 1;


ALTER SEQUENCE public.navnode_id_seq OWNER TO mg4;

--
-- TOC entry 4983 (class 0 OID 0)
-- Dependencies: 238
-- Name: navnode_id_seq; Type: SEQUENCE OWNED BY; Schema: public; Owner: mg4
--

ALTER SEQUENCE public.navnode_id_seq OWNED BY public.navnode.id;


--
-- TOC entry 237 (class 1259 OID 18073)
-- Name: poi; Type: TABLE; Schema: public; Owner: mg4
--

CREATE TABLE public.poi (
    id integer NOT NULL,
    type character varying,
    is_entry_point boolean DEFAULT false,
    geom public.geometry(PointZ,4326) NOT NULL,
    z_m numeric(6,2),
    floor_id integer,
    service_id integer
);


ALTER TABLE public.poi OWNER TO mg4;

--
-- TOC entry 236 (class 1259 OID 18072)
-- Name: poi_id_seq; Type: SEQUENCE; Schema: public; Owner: mg4
--

CREATE SEQUENCE public.poi_id_seq
    AS integer
    START WITH 1
    INCREMENT BY 1
    NO MINVALUE
    NO MAXVALUE
    CACHE 1;


ALTER SEQUENCE public.poi_id_seq OWNER TO mg4;

--
-- TOC entry 4984 (class 0 OID 0)
-- Dependencies: 236
-- Name: poi_id_seq; Type: SEQUENCE OWNED BY; Schema: public; Owner: mg4
--

ALTER SEQUENCE public.poi_id_seq OWNED BY public.poi.id;


--
-- TOC entry 244 (class 1259 OID 18163)
-- Name: poitranslation; Type: TABLE; Schema: public; Owner: mg4
--

CREATE TABLE public.poitranslation (
    poi_id integer NOT NULL,
    lang_code character varying(5) NOT NULL,
    label character varying NOT NULL
);


ALTER TABLE public.poitranslation OWNER TO mg4;

--
-- TOC entry 235 (class 1259 OID 18060)
-- Name: service; Type: TABLE; Schema: public; Owner: mg4
--

CREATE TABLE public.service (
    id integer NOT NULL,
    code character varying NOT NULL,
    icon_name character varying
);


ALTER TABLE public.service OWNER TO mg4;

--
-- TOC entry 234 (class 1259 OID 18059)
-- Name: service_id_seq; Type: SEQUENCE; Schema: public; Owner: mg4
--

CREATE SEQUENCE public.service_id_seq
    AS integer
    START WITH 1
    INCREMENT BY 1
    NO MINVALUE
    NO MAXVALUE
    CACHE 1;


ALTER SEQUENCE public.service_id_seq OWNER TO mg4;

--
-- TOC entry 4985 (class 0 OID 0)
-- Dependencies: 234
-- Name: service_id_seq; Type: SEQUENCE OWNED BY; Schema: public; Owner: mg4
--

ALTER SEQUENCE public.service_id_seq OWNED BY public.service.id;


--
-- TOC entry 243 (class 1259 OID 18143)
-- Name: servicetranslation; Type: TABLE; Schema: public; Owner: mg4
--

CREATE TABLE public.servicetranslation (
    service_id integer NOT NULL,
    lang_code character varying(5) NOT NULL,
    label character varying NOT NULL,
    description text
);


ALTER TABLE public.servicetranslation OWNER TO mg4;

--
-- TOC entry 4661 (class 2604 OID 18006)
-- Name: building id; Type: DEFAULT; Schema: public; Owner: mg4
--

ALTER TABLE ONLY public.building ALTER COLUMN id SET DEFAULT nextval('public.building_id_seq'::regclass);


--
-- TOC entry 4662 (class 2604 OID 18024)
-- Name: floor id; Type: DEFAULT; Schema: public; Owner: mg4
--

ALTER TABLE ONLY public.floor ALTER COLUMN id SET DEFAULT nextval('public.floor_id_seq'::regclass);


--
-- TOC entry 4660 (class 2604 OID 17995)
-- Name: hospital id; Type: DEFAULT; Schema: public; Owner: mg4
--

ALTER TABLE ONLY public.hospital ALTER COLUMN id SET DEFAULT nextval('public.hospital_id_seq'::regclass);


--
-- TOC entry 4663 (class 2604 OID 18041)
-- Name: model3d id; Type: DEFAULT; Schema: public; Owner: mg4
--

ALTER TABLE ONLY public.model3d ALTER COLUMN id SET DEFAULT nextval('public.model3d_id_seq'::regclass);


--
-- TOC entry 4668 (class 2604 OID 18115)
-- Name: navedge id; Type: DEFAULT; Schema: public; Owner: mg4
--

ALTER TABLE ONLY public.navedge ALTER COLUMN id SET DEFAULT nextval('public.navedge_id_seq'::regclass);


--
-- TOC entry 4667 (class 2604 OID 18098)
-- Name: navnode id; Type: DEFAULT; Schema: public; Owner: mg4
--

ALTER TABLE ONLY public.navnode ALTER COLUMN id SET DEFAULT nextval('public.navnode_id_seq'::regclass);


--
-- TOC entry 4665 (class 2604 OID 18076)
-- Name: poi id; Type: DEFAULT; Schema: public; Owner: mg4
--

ALTER TABLE ONLY public.poi ALTER COLUMN id SET DEFAULT nextval('public.poi_id_seq'::regclass);


--
-- TOC entry 4664 (class 2604 OID 18063)
-- Name: service id; Type: DEFAULT; Schema: public; Owner: mg4
--

ALTER TABLE ONLY public.service ALTER COLUMN id SET DEFAULT nextval('public.service_id_seq'::regclass);


--
-- TOC entry 4958 (class 0 OID 20812)
-- Dependencies: 253
-- Data for Name: auth_group; Type: TABLE DATA; Schema: public; Owner: mg4
--



--
-- TOC entry 4960 (class 0 OID 20822)
-- Dependencies: 255
-- Data for Name: auth_group_permissions; Type: TABLE DATA; Schema: public; Owner: mg4
--



--
-- TOC entry 4956 (class 0 OID 20802)
-- Dependencies: 251
-- Data for Name: auth_permission; Type: TABLE DATA; Schema: public; Owner: mg4
--

INSERT INTO public.auth_permission VALUES (1, 'Can add log entry', 1, 'add_logentry');
INSERT INTO public.auth_permission VALUES (2, 'Can change log entry', 1, 'change_logentry');
INSERT INTO public.auth_permission VALUES (3, 'Can delete log entry', 1, 'delete_logentry');
INSERT INTO public.auth_permission VALUES (4, 'Can view log entry', 1, 'view_logentry');
INSERT INTO public.auth_permission VALUES (5, 'Can add permission', 3, 'add_permission');
INSERT INTO public.auth_permission VALUES (6, 'Can change permission', 3, 'change_permission');
INSERT INTO public.auth_permission VALUES (7, 'Can delete permission', 3, 'delete_permission');
INSERT INTO public.auth_permission VALUES (8, 'Can view permission', 3, 'view_permission');
INSERT INTO public.auth_permission VALUES (9, 'Can add group', 2, 'add_group');
INSERT INTO public.auth_permission VALUES (10, 'Can change group', 2, 'change_group');
INSERT INTO public.auth_permission VALUES (11, 'Can delete group', 2, 'delete_group');
INSERT INTO public.auth_permission VALUES (12, 'Can view group', 2, 'view_group');
INSERT INTO public.auth_permission VALUES (13, 'Can add user', 4, 'add_user');
INSERT INTO public.auth_permission VALUES (14, 'Can change user', 4, 'change_user');
INSERT INTO public.auth_permission VALUES (15, 'Can delete user', 4, 'delete_user');
INSERT INTO public.auth_permission VALUES (16, 'Can view user', 4, 'view_user');
INSERT INTO public.auth_permission VALUES (17, 'Can add content type', 5, 'add_contenttype');
INSERT INTO public.auth_permission VALUES (18, 'Can change content type', 5, 'change_contenttype');
INSERT INTO public.auth_permission VALUES (19, 'Can delete content type', 5, 'delete_contenttype');
INSERT INTO public.auth_permission VALUES (20, 'Can view content type', 5, 'view_contenttype');
INSERT INTO public.auth_permission VALUES (21, 'Can add session', 6, 'add_session');
INSERT INTO public.auth_permission VALUES (22, 'Can change session', 6, 'change_session');
INSERT INTO public.auth_permission VALUES (23, 'Can delete session', 6, 'delete_session');
INSERT INTO public.auth_permission VALUES (24, 'Can view session', 6, 'view_session');
INSERT INTO public.auth_permission VALUES (25, 'Can add hospital', 9, 'add_hospital');
INSERT INTO public.auth_permission VALUES (26, 'Can change hospital', 9, 'change_hospital');
INSERT INTO public.auth_permission VALUES (27, 'Can delete hospital', 9, 'delete_hospital');
INSERT INTO public.auth_permission VALUES (28, 'Can view hospital', 9, 'view_hospital');
INSERT INTO public.auth_permission VALUES (29, 'Can add building', 7, 'add_building');
INSERT INTO public.auth_permission VALUES (30, 'Can change building', 7, 'change_building');
INSERT INTO public.auth_permission VALUES (31, 'Can delete building', 7, 'delete_building');
INSERT INTO public.auth_permission VALUES (32, 'Can view building', 7, 'view_building');
INSERT INTO public.auth_permission VALUES (33, 'Can add floor', 8, 'add_floor');
INSERT INTO public.auth_permission VALUES (34, 'Can change floor', 8, 'change_floor');
INSERT INTO public.auth_permission VALUES (35, 'Can delete floor', 8, 'delete_floor');
INSERT INTO public.auth_permission VALUES (36, 'Can view floor', 8, 'view_floor');
INSERT INTO public.auth_permission VALUES (37, 'Can add model3d', 11, 'add_model3d');
INSERT INTO public.auth_permission VALUES (38, 'Can change model3d', 11, 'change_model3d');
INSERT INTO public.auth_permission VALUES (39, 'Can delete model3d', 11, 'delete_model3d');
INSERT INTO public.auth_permission VALUES (40, 'Can view model3d', 11, 'view_model3d');
INSERT INTO public.auth_permission VALUES (41, 'Can add service', 17, 'add_service');
INSERT INTO public.auth_permission VALUES (42, 'Can change service', 17, 'change_service');
INSERT INTO public.auth_permission VALUES (43, 'Can delete service', 17, 'delete_service');
INSERT INTO public.auth_permission VALUES (44, 'Can view service', 17, 'view_service');
INSERT INTO public.auth_permission VALUES (45, 'Can add poi', 15, 'add_poi');
INSERT INTO public.auth_permission VALUES (46, 'Can change poi', 15, 'change_poi');
INSERT INTO public.auth_permission VALUES (47, 'Can delete poi', 15, 'delete_poi');
INSERT INTO public.auth_permission VALUES (48, 'Can view poi', 15, 'view_poi');
INSERT INTO public.auth_permission VALUES (49, 'Can add nav node', 14, 'add_navnode');
INSERT INTO public.auth_permission VALUES (50, 'Can change nav node', 14, 'change_navnode');
INSERT INTO public.auth_permission VALUES (51, 'Can delete nav node', 14, 'delete_navnode');
INSERT INTO public.auth_permission VALUES (52, 'Can view nav node', 14, 'view_navnode');
INSERT INTO public.auth_permission VALUES (53, 'Can add nav edge', 12, 'add_navedge');
INSERT INTO public.auth_permission VALUES (54, 'Can change nav edge', 12, 'change_navedge');
INSERT INTO public.auth_permission VALUES (55, 'Can delete nav edge', 12, 'delete_navedge');
INSERT INTO public.auth_permission VALUES (56, 'Can view nav edge', 12, 'view_navedge');
INSERT INTO public.auth_permission VALUES (57, 'Can add language', 10, 'add_language');
INSERT INTO public.auth_permission VALUES (58, 'Can change language', 10, 'change_language');
INSERT INTO public.auth_permission VALUES (59, 'Can delete language', 10, 'delete_language');
INSERT INTO public.auth_permission VALUES (60, 'Can view language', 10, 'view_language');
INSERT INTO public.auth_permission VALUES (61, 'Can add service translation', 18, 'add_servicetranslation');
INSERT INTO public.auth_permission VALUES (62, 'Can change service translation', 18, 'change_servicetranslation');
INSERT INTO public.auth_permission VALUES (63, 'Can delete service translation', 18, 'delete_servicetranslation');
INSERT INTO public.auth_permission VALUES (64, 'Can view service translation', 18, 'view_servicetranslation');
INSERT INTO public.auth_permission VALUES (65, 'Can add poi translation', 16, 'add_poitranslation');
INSERT INTO public.auth_permission VALUES (66, 'Can change poi translation', 16, 'change_poitranslation');
INSERT INTO public.auth_permission VALUES (67, 'Can delete poi translation', 16, 'delete_poitranslation');
INSERT INTO public.auth_permission VALUES (68, 'Can view poi translation', 16, 'view_poitranslation');
INSERT INTO public.auth_permission VALUES (69, 'Can add navigation session', 13, 'add_navigationsession');
INSERT INTO public.auth_permission VALUES (70, 'Can change navigation session', 13, 'change_navigationsession');
INSERT INTO public.auth_permission VALUES (71, 'Can delete navigation session', 13, 'delete_navigationsession');
INSERT INTO public.auth_permission VALUES (72, 'Can view navigation session', 13, 'view_navigationsession');


--
-- TOC entry 4962 (class 0 OID 20831)
-- Dependencies: 257
-- Data for Name: auth_user; Type: TABLE DATA; Schema: public; Owner: mg4
--



--
-- TOC entry 4964 (class 0 OID 20850)
-- Dependencies: 259
-- Data for Name: auth_user_groups; Type: TABLE DATA; Schema: public; Owner: mg4
--



--
-- TOC entry 4966 (class 0 OID 20859)
-- Dependencies: 261
-- Data for Name: auth_user_user_permissions; Type: TABLE DATA; Schema: public; Owner: mg4
--



--
-- TOC entry 4934 (class 0 OID 18003)
-- Dependencies: 229
-- Data for Name: building; Type: TABLE DATA; Schema: public; Owner: mg4
--

INSERT INTO public.building VALUES (3, 'B1', 'Batiment Principal', NULL, 3);


--
-- TOC entry 4968 (class 0 OID 20920)
-- Dependencies: 263
-- Data for Name: django_admin_log; Type: TABLE DATA; Schema: public; Owner: mg4
--



--
-- TOC entry 4954 (class 0 OID 20790)
-- Dependencies: 249
-- Data for Name: django_content_type; Type: TABLE DATA; Schema: public; Owner: mg4
--

INSERT INTO public.django_content_type VALUES (1, 'admin', 'logentry');
INSERT INTO public.django_content_type VALUES (2, 'auth', 'group');
INSERT INTO public.django_content_type VALUES (3, 'auth', 'permission');
INSERT INTO public.django_content_type VALUES (4, 'auth', 'user');
INSERT INTO public.django_content_type VALUES (5, 'contenttypes', 'contenttype');
INSERT INTO public.django_content_type VALUES (6, 'sessions', 'session');
INSERT INTO public.django_content_type VALUES (7, 'core', 'building');
INSERT INTO public.django_content_type VALUES (8, 'core', 'floor');
INSERT INTO public.django_content_type VALUES (9, 'core', 'hospital');
INSERT INTO public.django_content_type VALUES (10, 'core', 'language');
INSERT INTO public.django_content_type VALUES (11, 'core', 'model3d');
INSERT INTO public.django_content_type VALUES (12, 'core', 'navedge');
INSERT INTO public.django_content_type VALUES (13, 'core', 'navigationsession');
INSERT INTO public.django_content_type VALUES (14, 'core', 'navnode');
INSERT INTO public.django_content_type VALUES (15, 'core', 'poi');
INSERT INTO public.django_content_type VALUES (16, 'core', 'poitranslation');
INSERT INTO public.django_content_type VALUES (17, 'core', 'service');
INSERT INTO public.django_content_type VALUES (18, 'core', 'servicetranslation');


--
-- TOC entry 4952 (class 0 OID 20778)
-- Dependencies: 247
-- Data for Name: django_migrations; Type: TABLE DATA; Schema: public; Owner: mg4
--

INSERT INTO public.django_migrations VALUES (1, 'contenttypes', '0001_initial', '2025-12-06 14:26:08.047491+00');
INSERT INTO public.django_migrations VALUES (2, 'auth', '0001_initial', '2025-12-06 14:26:08.131498+00');
INSERT INTO public.django_migrations VALUES (3, 'admin', '0001_initial', '2025-12-06 14:26:08.160462+00');
INSERT INTO public.django_migrations VALUES (4, 'admin', '0002_logentry_remove_auto_add', '2025-12-06 14:26:08.178484+00');
INSERT INTO public.django_migrations VALUES (5, 'admin', '0003_logentry_add_action_flag_choices', '2025-12-06 14:26:08.195933+00');
INSERT INTO public.django_migrations VALUES (6, 'contenttypes', '0002_remove_content_type_name', '2025-12-06 14:26:08.254316+00');
INSERT INTO public.django_migrations VALUES (7, 'auth', '0002_alter_permission_name_max_length', '2025-12-06 14:26:08.272097+00');
INSERT INTO public.django_migrations VALUES (8, 'auth', '0003_alter_user_email_max_length', '2025-12-06 14:26:08.289299+00');
INSERT INTO public.django_migrations VALUES (9, 'auth', '0004_alter_user_username_opts', '2025-12-06 14:26:08.305909+00');
INSERT INTO public.django_migrations VALUES (10, 'auth', '0005_alter_user_last_login_null', '2025-12-06 14:26:08.323802+00');
INSERT INTO public.django_migrations VALUES (11, 'auth', '0006_require_contenttypes_0002', '2025-12-06 14:26:08.32735+00');
INSERT INTO public.django_migrations VALUES (12, 'auth', '0007_alter_validators_add_error_messages', '2025-12-06 14:26:08.344338+00');
INSERT INTO public.django_migrations VALUES (13, 'auth', '0008_alter_user_username_max_length', '2025-12-06 14:26:08.366259+00');
INSERT INTO public.django_migrations VALUES (14, 'auth', '0009_alter_user_last_name_max_length', '2025-12-06 14:26:08.389872+00');
INSERT INTO public.django_migrations VALUES (15, 'auth', '0010_alter_group_name_max_length', '2025-12-06 14:26:08.410071+00');
INSERT INTO public.django_migrations VALUES (16, 'auth', '0011_update_proxy_permissions', '2025-12-06 14:26:08.44284+00');
INSERT INTO public.django_migrations VALUES (17, 'auth', '0012_alter_user_first_name_max_length', '2025-12-06 14:26:08.460109+00');
INSERT INTO public.django_migrations VALUES (18, 'sessions', '0001_initial', '2025-12-06 14:26:08.476219+00');


--
-- TOC entry 4969 (class 0 OID 20960)
-- Dependencies: 264
-- Data for Name: django_session; Type: TABLE DATA; Schema: public; Owner: mg4
--



--
-- TOC entry 4936 (class 0 OID 18021)
-- Dependencies: 231
-- Data for Name: floor; Type: TABLE DATA; Schema: public; Owner: mg4
--

INSERT INTO public.floor VALUES (4, 1, 'Etage 1', NULL, NULL, NULL, NULL, 3);


--
-- TOC entry 4932 (class 0 OID 17992)
-- Dependencies: 227
-- Data for Name: hospital; Type: TABLE DATA; Schema: public; Owner: mg4
--

INSERT INTO public.hospital VALUES (3, 'DalalJam', 'Dakar, Senegal', NULL);


--
-- TOC entry 4947 (class 0 OID 18134)
-- Dependencies: 242
-- Data for Name: language; Type: TABLE DATA; Schema: public; Owner: mg4
--

INSERT INTO public.language VALUES ('fr', 'Francais');
INSERT INTO public.language VALUES ('en', 'English');
INSERT INTO public.language VALUES ('wl', 'Wolof');


--
-- TOC entry 4938 (class 0 OID 18038)
-- Dependencies: 233
-- Data for Name: model3d; Type: TABLE DATA; Schema: public; Owner: mg4
--



--
-- TOC entry 4946 (class 0 OID 18112)
-- Dependencies: 241
-- Data for Name: navedge; Type: TABLE DATA; Schema: public; Owner: mg4
--

INSERT INTO public.navedge VALUES (214, true, 9.40, NULL, '01020000A0E610000002000000CDCCCCCCCCCC05C0B29DEFA7C6CB1340DD2406819543FB3FE5D022DBF93E28C0B29DEFA7C6CB1340DD2406819543FB3F', 211, 215);
INSERT INTO public.navedge VALUES (215, true, 4.95, NULL, '01020000A0E610000002000000CDCCCCCCCCCC05C0FCA9F1D24D62503FDD2406819543FB3FCDCCCCCCCCCC05C0B29DEFA7C6CB1340DD2406819543FB3F', 213, 211);
INSERT INTO public.navedge VALUES (216, true, 1.14, NULL, '01020000A0E610000002000000FA7E6ABC749368BFFCA9F1D24D62503FDD2406819543FB3F273108AC1C5AF2BFFCA9F1D24D62503FDD2406819543FB3F', 212, 214);
INSERT INTO public.navedge VALUES (217, true, 1.58, NULL, '01020000A0E610000002000000273108AC1C5AF2BFFCA9F1D24D62503FDD2406819543FB3FCDCCCCCCCCCC05C0FCA9F1D24D62503FDD2406819543FB3F', 214, 213);
INSERT INTO public.navedge VALUES (218, true, 6.76, NULL, '01020000A0E610000002000000273108AC1C5AF2BFFCA9F1D24D62503FDD2406819543FB3F273108AC1C5AF2BFF0A7C64B37091B40DD2406819543FB3F', 214, 216);
INSERT INTO public.navedge VALUES (219, true, 18.33, NULL, '01020000A0E610000002000000273108AC1C5AF2BFF0A7C64B37091B40DD2406819543FB3F273108AC1C5AF2BF4A0C022B87163940DD2406819543FB3F', 216, 217);
INSERT INTO public.navedge VALUES (220, true, 11.10, NULL, '01020000A0E610000002000000E5D022DBF93E28C0B29DEFA7C6CB1340DD2406819543FB3FF2D24D62103837C0B29DEFA7C6CB1340DD2406819543FB3F', 215, 218);
INSERT INTO public.navedge VALUES (221, true, 7.97, NULL, '01020000A0E610000002000000273108AC1C5AF2BF4A0C022B87163940DD2406819543FB3F273108AC1C5AF2BF643BDF4F8D874040DD2406819543FB3F', 217, 221);
INSERT INTO public.navedge VALUES (222, true, 6.97, NULL, '01020000A0E61000000200000039B4C876BEBF33C0DF4F8D976E924640DD2406819543FB3F46B6F3FDD4B83AC0DF4F8D976E924640DD2406819543FB3F', 225, 219);
INSERT INTO public.navedge VALUES (223, true, 12.09, NULL, '01020000A0E610000002000000273108AC1C5AF2BF643BDF4F8D874040DD2406819543FB3F273108AC1C5AF2BFDF4F8D976E924640DD2406819543FB3F', 221, 224);
INSERT INTO public.navedge VALUES (224, true, 1.46, NULL, '01020000A0E610000002000000273108AC1C5AF2BF4A0C022B87163940DD2406819543FB3FA245B6F3FDD404C04A0C022B87163940DD2406819543FB3F', 217, 222);
INSERT INTO public.navedge VALUES (225, true, 1.47, NULL, '01020000A0E610000002000000273108AC1C5AF2BF643BDF4F8D874040DD2406819543FB3F560E2DB29DEF04C0643BDF4F8D874040DD2406819543FB3F', 221, 223);
INSERT INTO public.navedge VALUES (226, true, 18.60, NULL, '01020000A0E610000002000000273108AC1C5AF2BFDF4F8D976E924640DD2406819543FB3F39B4C876BEBF33C0DF4F8D976E924640DD2406819543FB3F', 224, 225);
INSERT INTO public.navedge VALUES (227, true, 29.02, NULL, '01020000A0E61000000200000046B6F3FDD4B83AC0DF4F8D976E924640DD2406819543FB3FAC1C5A643BDF4BC0DF4F8D976E924640DD2406819543FB3F', 219, 220);
INSERT INTO public.navedge VALUES (228, true, 2.38, NULL, '01020000A0E61000000200000039B4C876BEBF33C0DF4F8D976E924640DD2406819543FB3F39B4C876BEBF33C0355EBA490C624540DD2406819543FB3F', 225, 226);
INSERT INTO public.navedge VALUES (229, true, 2.43, NULL, '01020000A0E61000000200000046B6F3FDD4B83AC0DF4F8D976E924640DD2406819543FB3F46B6F3FDD4B83AC04260E5D0225B4540DD2406819543FB3F', 219, 227);
INSERT INTO public.navedge VALUES (230, true, 32.42, NULL, '01020000A0E610000002000000AC1C5A643BDF4BC0DF4F8D976E924640DD2406819543FB3FC3F5285C8F0A56C0DF4F8D976E924640DD2406819543FB3F', 220, 228);
INSERT INTO public.navedge VALUES (231, true, 2.55, NULL, '01020000A0E610000002000000AC1C5A643BDF4BC0DF4F8D976E924640DD2406819543FB3FAC1C5A643BDF4BC05C8FC2F5284C4540DD2406819543FB3F', 220, 229);
INSERT INTO public.navedge VALUES (232, true, 27.75, NULL, '01020000A0E610000002000000C3F5285C8F0A56C0DF4F8D976E924640DD2406819543FB3F0AD7A3703DFA5CC0DF4F8D976E924640DD2406819543FB3F', 228, 230);
INSERT INTO public.navedge VALUES (233, true, 2.46, NULL, '01020000A0E610000002000000C3F5285C8F0A56C0DF4F8D976E924640DD2406819543FB3FC3F5285C8F0A56C0BA490C022B574540DD2406819543FB3F', 228, 231);
INSERT INTO public.navedge VALUES (234, true, 12.75, NULL, '01020000A0E610000002000000F2D24D62103837C0B29DEFA7C6CB1340DD2406819543FB3FCFF753E3A5FB41C0B29DEFA7C6CB1340DD2406819543FB3F', 218, 270);
INSERT INTO public.navedge VALUES (235, true, 12.72, NULL, '01020000A0E61000000200000004560E2DB2DD52C0B29DEFA7C6CB1340DD2406819543FB3FDD240681950B56C0B29DEFA7C6CB1340DD2406819543FB3F', 232, 233);
INSERT INTO public.navedge VALUES (236, true, 12.68, NULL, '01020000A0E610000002000000DD240681950B56C0B29DEFA7C6CB1340DD2406819543FB3F022B8716D93659C0B29DEFA7C6CB1340DD2406819543FB3F', 233, 237);
INSERT INTO public.navedge VALUES (237, true, 9.14, NULL, '01020000A0E610000002000000DD240681950B56C0B29DEFA7C6CB1340DD2406819543FB3FDD240681950B56C0560E2DB29D2F2C40DD2406819543FB3F', 233, 235);
INSERT INTO public.navedge VALUES (238, true, 2.49, NULL, '01020000A0E6100000020000005C8FC2F5282C5EC0B29DEFA7C6CB1340DD2406819543FB3F5C8FC2F5282C5EC05839B4C876BE1D40DD2406819543FB3F', 234, 236);
INSERT INTO public.navedge VALUES (239, true, 7.98, NULL, '01020000A0E610000002000000560E2DB29DDF4BC0B29DEFA7C6CB1340DD2406819543FB3F560E2DB29DDF4BC05C8FC2F528DC2940DD2406819543FB3F', 265, 238);
INSERT INTO public.navedge VALUES (240, true, 12.45, NULL, '01020000A0E610000002000000560E2DB29DDF4BC05C8FC2F528DC2940DD2406819543FB3F560E2DB29DDF4BC054E3A59BC4603940DD2406819543FB3F', 238, 239);
INSERT INTO public.navedge VALUES (241, true, 9.15, NULL, '01020000A0E610000002000000560E2DB29DDF4BC05C8FC2F528DC2940DD2406819543FB3F1B2FDD24063950C05C8FC2F528DC2940DD2406819543FB3F', 238, 240);
INSERT INTO public.navedge VALUES (242, true, 22.10, NULL, '01020000A0E6100000020000001B2FDD24063950C05C8FC2F528DC2940DD2406819543FB3FC976BE9F1ABF55C05C8FC2F528DC2940DD2406819543FB3F', 240, 241);
INSERT INTO public.navedge VALUES (243, true, 2.34, NULL, '01020000A0E610000002000000C976BE9F1ABF55C05C8FC2F528DC2940DD2406819543FB3FB0726891ED5456C05C8FC2F528DC2940DD2406819543FB3F', 241, 242);
INSERT INTO public.navedge VALUES (244, true, 20.99, NULL, '01020000A0E610000002000000B0726891ED5456C05C8FC2F528DC2940DD2406819543FB3F8716D9CEF7935BC05C8FC2F528DC2940DD2406819543FB3F', 242, 243);
INSERT INTO public.navedge VALUES (245, true, 5.66, NULL, '01020000A0E6100000020000008716D9CEF7935BC05C8FC2F528DC2940DD2406819543FB3FCBA145B6F3FD5CC05C8FC2F528DC2940DD2406819543FB3F', 243, 244);
INSERT INTO public.navedge VALUES (246, true, 21.01, NULL, '01020000A0E610000002000000E5D022DBF93E28C0B29DEFA7C6CB1340DD2406819543FB3FE5D022DBF93E28C0E3A59BC4201030C0DD2406819543FB3F', 215, 245);
INSERT INTO public.navedge VALUES (247, true, 1.66, NULL, '01020000A0E610000002000000CBA145B6F3FD5CC05C8FC2F528DC2940DD2406819543FB3FCBA145B6F3FD5CC0CDCCCCCCCC8C2640DD2406819543FB3F', 244, 246);
INSERT INTO public.navedge VALUES (248, true, 16.32, NULL, '01020000A0E610000002000000E5D022DBF93E28C0E3A59BC4201030C0DD2406819543FB3FE5D022DBF93E28C037894160E53040C0DD2406819543FB3F', 245, 247);
INSERT INTO public.navedge VALUES (249, true, 17.96, NULL, '01020000A0E610000002000000E5D022DBF93E28C037894160E53040C0DD2406819543FB3FE5D022DBF93E28C0EC51B81E852B49C0DD2406819543FB3F', 247, 248);
INSERT INTO public.navedge VALUES (250, true, 1.42, NULL, '01020000A0E610000002000000E5D022DBF93E28C0EC51B81E852B49C0DD2406819543FB3FE5D022DBF93E28C054E3A59BC4E049C0DD2406819543FB3F', 248, 249);
INSERT INTO public.navedge VALUES (251, true, 23.85, NULL, '01020000A0E610000002000000E5D022DBF93E28C054E3A59BC4E049C0DD2406819543FB3F068195438BFC41C054E3A59BC4E049C0DD2406819543FB3F', 249, 250);
INSERT INTO public.navedge VALUES (252, true, 7.07, NULL, '01020000A0E610000002000000068195438BFC41C054E3A59BC4E049C0DD2406819543FB3F85EB51B81E8545C054E3A59BC4E049C0DD2406819543FB3F', 250, 251);
INSERT INTO public.navedge VALUES (253, true, 25.41, NULL, '01020000A0E61000000200000085EB51B81E8545C054E3A59BC4E049C0DD2406819543FB3FB0726891ED1C51C054E3A59BC4E049C0DD2406819543FB3F', 251, 252);
INSERT INTO public.navedge VALUES (254, true, 7.09, NULL, '01020000A0E610000002000000B0726891ED1C51C054E3A59BC4E049C0DD2406819543FB3F6DE7FBA9F1E252C054E3A59BC4E049C0DD2406819543FB3F', 252, 253);
INSERT INTO public.navedge VALUES (255, true, 25.44, NULL, '01020000A0E6100000020000006DE7FBA9F1E252C054E3A59BC4E049C0DD2406819543FB3FAC1C5A643B3F59C054E3A59BC4E049C0DD2406819543FB3F', 253, 254);
INSERT INTO public.navedge VALUES (256, true, 7.08, NULL, '01020000A0E610000002000000AC1C5A643B3F59C054E3A59BC4E049C0DD2406819543FB3F6ABC749318045BC054E3A59BC4E049C0DD2406819543FB3F', 254, 255);
INSERT INTO public.navedge VALUES (257, true, 2.26, NULL, '01020000A0E6100000020000006ABC749318045BC054E3A59BC4E049C0DD2406819543FB3F6ABC749318045BC0E5D022DBF9BE48C0DD2406819543FB3F', 255, 256);
INSERT INTO public.navedge VALUES (258, true, 2.38, NULL, '01020000A0E610000002000000AC1C5A643B3F59C054E3A59BC4E049C0DD2406819543FB3FAC1C5A643B3F59C054E3A59BC4B048C0DD2406819543FB3F', 254, 257);
INSERT INTO public.navedge VALUES (259, true, 2.38, NULL, '01020000A0E6100000020000006DE7FBA9F1E252C054E3A59BC4E049C0DD2406819543FB3F6DE7FBA9F1E252C054E3A59BC4B048C0DD2406819543FB3F', 253, 258);
INSERT INTO public.navedge VALUES (260, true, 2.43, NULL, '01020000A0E610000002000000B0726891ED1C51C054E3A59BC4E049C0DD2406819543FB3FB0726891ED1C51C09A99999999A948C0DD2406819543FB3F', 252, 259);
INSERT INTO public.navedge VALUES (261, true, 11.06, NULL, '01020000A0E61000000200000085EB51B81E8545C054E3A59BC4E049C0DD2406819543FB3F85EB51B81E8545C062105839B45844C0DD2406819543FB3F', 251, 260);
INSERT INTO public.navedge VALUES (262, true, 10.97, NULL, '01020000A0E610000002000000068195438BFC41C054E3A59BC4E049C0DD2406819543FB3F068195438BFC41C0A245B6F3FD6444C0DD2406819543FB3F', 250, 261);
INSERT INTO public.navedge VALUES (263, true, 7.09, NULL, '01020000A0E610000002000000022B8716D93659C0B29DEFA7C6CB1340DD2406819543FB3FE9263108ACFC5AC0B29DEFA7C6CB1340DD2406819543FB3F', 237, 262);
INSERT INTO public.navedge VALUES (264, true, 12.74, NULL, '01020000A0E6100000020000005C8FC2F5282C5EC0B29DEFA7C6CB1340DD2406819543FB3FE9263108ACFC5AC0B29DEFA7C6CB1340DD2406819543FB3F', 234, 262);
INSERT INTO public.navedge VALUES (265, true, 6.20, NULL, '01020000A0E610000002000000E9263108ACFC5AC0B29DEFA7C6CB1340DD2406819543FB3FE9263108ACFC5AC0560E2DB29DEFF3BFDD2406819543FB3F', 262, 263);
INSERT INTO public.navedge VALUES (266, true, 6.42, NULL, '01020000A0E610000002000000022B8716D93659C0B29DEFA7C6CB1340DD2406819543FB3F022B8716D93659C085EB51B81E85F7BFDD2406819543FB3F', 237, 264);
INSERT INTO public.navedge VALUES (267, true, 7.03, NULL, '01020000A0E610000002000000EC51B81E851B51C0B29DEFA7C6CB1340DD2406819543FB3F04560E2DB2DD52C0B29DEFA7C6CB1340DD2406819543FB3F', 267, 232);
INSERT INTO public.navedge VALUES (268, true, 12.68, NULL, '01020000A0E610000002000000560E2DB29DDF4BC0B29DEFA7C6CB1340DD2406819543FB3FEC51B81E851B51C0B29DEFA7C6CB1340DD2406819543FB3F', 265, 267);
INSERT INTO public.navedge VALUES (269, true, 12.68, NULL, '01020000A0E610000002000000EC51B81E851B51C0B29DEFA7C6CB1340DD2406819543FB3F560E2DB29DDF4BC0B29DEFA7C6CB1340DD2406819543FB3F', 267, 265);
INSERT INTO public.navedge VALUES (270, true, 0.00, NULL, '01020000A0E610000002000000560E2DB29DDF4BC0B29DEFA7C6CB1340DD2406819543FB3F560E2DB29DDF4BC0B29DEFA7C6CB1340DD2406819543FB3F', 265, 265);
INSERT INTO public.navedge VALUES (271, true, 6.32, NULL, '01020000A0E61000000200000004560E2DB2DD52C0B29DEFA7C6CB1340DD2406819543FB3F04560E2DB2DD52C0560E2DB29DEFF5BFDD2406819543FB3F', 232, 268);
INSERT INTO public.navedge VALUES (272, true, 6.23, NULL, '01020000A0E610000002000000EC51B81E851B51C0B29DEFA7C6CB1340DD2406819543FB3FEC51B81E851B51C0D122DBF97E6AF4BFDD2406819543FB3F', 267, 269);
INSERT INTO public.navedge VALUES (273, true, 7.02, NULL, '01020000A0E610000002000000CFF753E3A5FB41C0B29DEFA7C6CB1340DD2406819543FB3F04560E2DB27D45C0B29DEFA7C6CB1340DD2406819543FB3F', 270, 271);
INSERT INTO public.navedge VALUES (274, true, 12.76, NULL, '01020000A0E610000002000000560E2DB29DDF4BC0B29DEFA7C6CB1340DD2406819543FB3F04560E2DB27D45C0B29DEFA7C6CB1340DD2406819543FB3F', 265, 271);
INSERT INTO public.navedge VALUES (275, true, 12.76, NULL, '01020000A0E61000000200000004560E2DB27D45C0B29DEFA7C6CB1340DD2406819543FB3F560E2DB29DDF4BC0B29DEFA7C6CB1340DD2406819543FB3F', 271, 265);
INSERT INTO public.navedge VALUES (276, true, 6.20, NULL, '01020000A0E61000000200000004560E2DB27D45C0B29DEFA7C6CB1340DD2406819543FB3F04560E2DB27D45C0560E2DB29DEFF3BFDD2406819543FB3F', 271, 272);
INSERT INTO public.navedge VALUES (277, true, 6.20, NULL, '01020000A0E610000002000000CFF753E3A5FB41C0B29DEFA7C6CB1340DD2406819543FB3FCFF753E3A5FB41C0560E2DB29DEFF3BFDD2406819543FB3F', 270, 273);
INSERT INTO public.navedge VALUES (278, true, 2.52, NULL, '01020000A0E610000002000000F2D24D62103837C0B29DEFA7C6CB1340DD2406819543FB3FF2D24D62103837C0C74B378941E01D40DD2406819543FB3F', 218, 274);
INSERT INTO public.navedge VALUES (279, true, 5.45, NULL, '01020000A0E6100000020000001283C0CAA1C51540FCA9F1D24D62503FDD2406819543FB3FFA7E6ABC749368BFFCA9F1D24D62503FDD2406819543FB3F', 275, 212);
INSERT INTO public.navedge VALUES (280, true, 54.81, NULL, '01020000A0E6100000020000001283C0CAA1C515402B8716D9CE674B40DD2406819543FB3F1283C0CAA1C51540FCA9F1D24D62503FDD2406819543FB3F', 276, 275);
INSERT INTO public.navedge VALUES (281, true, 105.21, NULL, '01020000A0E6100000020000001B2FDD2406F158C02B8716D9CE674B40DD2406819543FB3F1283C0CAA1C515402B8716D9CE674B40DD2406819543FB3F', 277, 276);
INSERT INTO public.navedge VALUES (282, true, 11.03, NULL, '01020000A0E6100000020000001B2FDD2406F158C01283C0CAA1755040DD2406819543FB3F1B2FDD2406F158C02B8716D9CE674B40DD2406819543FB3F', 278, 277);
INSERT INTO public.navedge VALUES (283, true, 40.46, NULL, '01020000A0E61000000200000008AC1C5A648761C01283C0CAA1755040DD2406819543FB3F1B2FDD2406F158C01283C0CAA1755040DD2406819543FB3F', 279, 278);
INSERT INTO public.navedge VALUES (284, true, 41.91, NULL, '01020000A0E61000000200000008AC1C5A648761C0931804560EED3740DD2406819543FB3F08AC1C5A648761C01283C0CAA1755040DD2406819543FB3F', 280, 279);


--
-- TOC entry 4950 (class 0 OID 18183)
-- Dependencies: 245
-- Data for Name: navigationsession; Type: TABLE DATA; Schema: public; Owner: mg4
--

INSERT INTO public.navigationsession VALUES ('62f413a9-0371-4a4d-a30a-a2ff33174c2a', '2025-12-06 15:36:49.487725+00', true, true, NULL, 3, 'fr', 7, 8);


--
-- TOC entry 4944 (class 0 OID 18095)
-- Dependencies: 239
-- Data for Name: navnode; Type: TABLE DATA; Schema: public; Owner: mg4
--

INSERT INTO public.navnode VALUES (211, 'connector', '01010000A0E6100000CDCCCCCCCCCC05C0B29DEFA7C6CB1340DD2406819543FB3F', 4);
INSERT INTO public.navnode VALUES (212, 'connector', '01010000A0E6100000FA7E6ABC749368BFFCA9F1D24D62503FDD2406819543FB3F', 4);
INSERT INTO public.navnode VALUES (213, 'connector', '01010000A0E6100000CDCCCCCCCCCC05C0FCA9F1D24D62503FDD2406819543FB3F', 4);
INSERT INTO public.navnode VALUES (214, 'connector', '01010000A0E6100000273108AC1C5AF2BFFCA9F1D24D62503FDD2406819543FB3F', 4);
INSERT INTO public.navnode VALUES (215, 'connector', '01010000A0E6100000E5D022DBF93E28C0B29DEFA7C6CB1340DD2406819543FB3F', 4);
INSERT INTO public.navnode VALUES (216, 'connector', '01010000A0E6100000273108AC1C5AF2BFF0A7C64B37091B40DD2406819543FB3F', 4);
INSERT INTO public.navnode VALUES (217, 'connector', '01010000A0E6100000273108AC1C5AF2BF4A0C022B87163940DD2406819543FB3F', 4);
INSERT INTO public.navnode VALUES (218, 'connector', '01010000A0E6100000F2D24D62103837C0B29DEFA7C6CB1340DD2406819543FB3F', 4);
INSERT INTO public.navnode VALUES (219, 'connector', '01010000A0E610000046B6F3FDD4B83AC0DF4F8D976E924640DD2406819543FB3F', 4);
INSERT INTO public.navnode VALUES (220, 'connector', '01010000A0E6100000AC1C5A643BDF4BC0DF4F8D976E924640DD2406819543FB3F', 4);
INSERT INTO public.navnode VALUES (221, 'connector', '01010000A0E6100000273108AC1C5AF2BF643BDF4F8D874040DD2406819543FB3F', 4);
INSERT INTO public.navnode VALUES (222, 'connector', '01010000A0E6100000A245B6F3FDD404C04A0C022B87163940DD2406819543FB3F', 4);
INSERT INTO public.navnode VALUES (223, 'connector', '01010000A0E6100000560E2DB29DEF04C0643BDF4F8D874040DD2406819543FB3F', 4);
INSERT INTO public.navnode VALUES (224, 'connector', '01010000A0E6100000273108AC1C5AF2BFDF4F8D976E924640DD2406819543FB3F', 4);
INSERT INTO public.navnode VALUES (225, 'connector', '01010000A0E610000039B4C876BEBF33C0DF4F8D976E924640DD2406819543FB3F', 4);
INSERT INTO public.navnode VALUES (226, 'connector', '01010000A0E610000039B4C876BEBF33C0355EBA490C624540DD2406819543FB3F', 4);
INSERT INTO public.navnode VALUES (227, 'connector', '01010000A0E610000046B6F3FDD4B83AC04260E5D0225B4540DD2406819543FB3F', 4);
INSERT INTO public.navnode VALUES (228, 'connector', '01010000A0E6100000C3F5285C8F0A56C0DF4F8D976E924640DD2406819543FB3F', 4);
INSERT INTO public.navnode VALUES (229, 'connector', '01010000A0E6100000AC1C5A643BDF4BC05C8FC2F5284C4540DD2406819543FB3F', 4);
INSERT INTO public.navnode VALUES (230, 'connector', '01010000A0E61000000AD7A3703DFA5CC0DF4F8D976E924640DD2406819543FB3F', 4);
INSERT INTO public.navnode VALUES (231, 'connector', '01010000A0E6100000C3F5285C8F0A56C0BA490C022B574540DD2406819543FB3F', 4);
INSERT INTO public.navnode VALUES (232, 'connector', '01010000A0E610000004560E2DB2DD52C0B29DEFA7C6CB1340DD2406819543FB3F', 4);
INSERT INTO public.navnode VALUES (233, 'connector', '01010000A0E6100000DD240681950B56C0B29DEFA7C6CB1340DD2406819543FB3F', 4);
INSERT INTO public.navnode VALUES (234, 'connector', '01010000A0E61000005C8FC2F5282C5EC0B29DEFA7C6CB1340DD2406819543FB3F', 4);
INSERT INTO public.navnode VALUES (235, 'connector', '01010000A0E6100000DD240681950B56C0560E2DB29D2F2C40DD2406819543FB3F', 4);
INSERT INTO public.navnode VALUES (236, 'connector', '01010000A0E61000005C8FC2F5282C5EC05839B4C876BE1D40DD2406819543FB3F', 4);
INSERT INTO public.navnode VALUES (237, 'connector', '01010000A0E6100000022B8716D93659C0B29DEFA7C6CB1340DD2406819543FB3F', 4);
INSERT INTO public.navnode VALUES (238, 'connector', '01010000A0E6100000560E2DB29DDF4BC05C8FC2F528DC2940DD2406819543FB3F', 4);
INSERT INTO public.navnode VALUES (239, 'connector', '01010000A0E6100000560E2DB29DDF4BC054E3A59BC4603940DD2406819543FB3F', 4);
INSERT INTO public.navnode VALUES (240, 'connector', '01010000A0E61000001B2FDD24063950C05C8FC2F528DC2940DD2406819543FB3F', 4);
INSERT INTO public.navnode VALUES (241, 'connector', '01010000A0E6100000C976BE9F1ABF55C05C8FC2F528DC2940DD2406819543FB3F', 4);
INSERT INTO public.navnode VALUES (242, 'connector', '01010000A0E6100000B0726891ED5456C05C8FC2F528DC2940DD2406819543FB3F', 4);
INSERT INTO public.navnode VALUES (243, 'connector', '01010000A0E61000008716D9CEF7935BC05C8FC2F528DC2940DD2406819543FB3F', 4);
INSERT INTO public.navnode VALUES (244, 'connector', '01010000A0E6100000CBA145B6F3FD5CC05C8FC2F528DC2940DD2406819543FB3F', 4);
INSERT INTO public.navnode VALUES (245, 'connector', '01010000A0E6100000E5D022DBF93E28C0E3A59BC4201030C0DD2406819543FB3F', 4);
INSERT INTO public.navnode VALUES (246, 'connector', '01010000A0E6100000CBA145B6F3FD5CC0CDCCCCCCCC8C2640DD2406819543FB3F', 4);
INSERT INTO public.navnode VALUES (247, 'connector', '01010000A0E6100000E5D022DBF93E28C037894160E53040C0DD2406819543FB3F', 4);
INSERT INTO public.navnode VALUES (248, 'connector', '01010000A0E6100000E5D022DBF93E28C0EC51B81E852B49C0DD2406819543FB3F', 4);
INSERT INTO public.navnode VALUES (249, 'connector', '01010000A0E6100000E5D022DBF93E28C054E3A59BC4E049C0DD2406819543FB3F', 4);
INSERT INTO public.navnode VALUES (250, 'connector', '01010000A0E6100000068195438BFC41C054E3A59BC4E049C0DD2406819543FB3F', 4);
INSERT INTO public.navnode VALUES (251, 'connector', '01010000A0E610000085EB51B81E8545C054E3A59BC4E049C0DD2406819543FB3F', 4);
INSERT INTO public.navnode VALUES (252, 'connector', '01010000A0E6100000B0726891ED1C51C054E3A59BC4E049C0DD2406819543FB3F', 4);
INSERT INTO public.navnode VALUES (253, 'connector', '01010000A0E61000006DE7FBA9F1E252C054E3A59BC4E049C0DD2406819543FB3F', 4);
INSERT INTO public.navnode VALUES (254, 'connector', '01010000A0E6100000AC1C5A643B3F59C054E3A59BC4E049C0DD2406819543FB3F', 4);
INSERT INTO public.navnode VALUES (255, 'connector', '01010000A0E61000006ABC749318045BC054E3A59BC4E049C0DD2406819543FB3F', 4);
INSERT INTO public.navnode VALUES (256, 'connector', '01010000A0E61000006ABC749318045BC0E5D022DBF9BE48C0DD2406819543FB3F', 4);
INSERT INTO public.navnode VALUES (257, 'connector', '01010000A0E6100000AC1C5A643B3F59C054E3A59BC4B048C0DD2406819543FB3F', 4);
INSERT INTO public.navnode VALUES (258, 'connector', '01010000A0E61000006DE7FBA9F1E252C054E3A59BC4B048C0DD2406819543FB3F', 4);
INSERT INTO public.navnode VALUES (259, 'connector', '01010000A0E6100000B0726891ED1C51C09A99999999A948C0DD2406819543FB3F', 4);
INSERT INTO public.navnode VALUES (260, 'connector', '01010000A0E610000085EB51B81E8545C062105839B45844C0DD2406819543FB3F', 4);
INSERT INTO public.navnode VALUES (261, 'connector', '01010000A0E6100000068195438BFC41C0A245B6F3FD6444C0DD2406819543FB3F', 4);
INSERT INTO public.navnode VALUES (262, 'connector', '01010000A0E6100000E9263108ACFC5AC0B29DEFA7C6CB1340DD2406819543FB3F', 4);
INSERT INTO public.navnode VALUES (263, 'connector', '01010000A0E6100000E9263108ACFC5AC0560E2DB29DEFF3BFDD2406819543FB3F', 4);
INSERT INTO public.navnode VALUES (264, 'connector', '01010000A0E6100000022B8716D93659C085EB51B81E85F7BFDD2406819543FB3F', 4);
INSERT INTO public.navnode VALUES (265, 'connector', '01010000A0E6100000560E2DB29DDF4BC0B29DEFA7C6CB1340DD2406819543FB3F', 4);
INSERT INTO public.navnode VALUES (266, 'connector', '01010000A0E6100000560E2DB29DDF4BC0B29DEFA7C6CB1340DD2406819543FB3F', 4);
INSERT INTO public.navnode VALUES (267, 'connector', '01010000A0E6100000EC51B81E851B51C0B29DEFA7C6CB1340DD2406819543FB3F', 4);
INSERT INTO public.navnode VALUES (268, 'connector', '01010000A0E610000004560E2DB2DD52C0560E2DB29DEFF5BFDD2406819543FB3F', 4);
INSERT INTO public.navnode VALUES (269, 'connector', '01010000A0E6100000EC51B81E851B51C0D122DBF97E6AF4BFDD2406819543FB3F', 4);
INSERT INTO public.navnode VALUES (270, 'connector', '01010000A0E6100000CFF753E3A5FB41C0B29DEFA7C6CB1340DD2406819543FB3F', 4);
INSERT INTO public.navnode VALUES (271, 'connector', '01010000A0E610000004560E2DB27D45C0B29DEFA7C6CB1340DD2406819543FB3F', 4);
INSERT INTO public.navnode VALUES (272, 'connector', '01010000A0E610000004560E2DB27D45C0560E2DB29DEFF3BFDD2406819543FB3F', 4);
INSERT INTO public.navnode VALUES (273, 'connector', '01010000A0E6100000CFF753E3A5FB41C0560E2DB29DEFF3BFDD2406819543FB3F', 4);
INSERT INTO public.navnode VALUES (274, 'connector', '01010000A0E6100000F2D24D62103837C0C74B378941E01D40DD2406819543FB3F', 4);
INSERT INTO public.navnode VALUES (275, 'connector', '01010000A0E61000001283C0CAA1C51540FCA9F1D24D62503FDD2406819543FB3F', 4);
INSERT INTO public.navnode VALUES (276, 'connector', '01010000A0E61000001283C0CAA1C515402B8716D9CE674B40DD2406819543FB3F', 4);
INSERT INTO public.navnode VALUES (277, 'connector', '01010000A0E61000001B2FDD2406F158C02B8716D9CE674B40DD2406819543FB3F', 4);
INSERT INTO public.navnode VALUES (278, 'connector', '01010000A0E61000001B2FDD2406F158C01283C0CAA1755040DD2406819543FB3F', 4);
INSERT INTO public.navnode VALUES (279, 'connector', '01010000A0E610000008AC1C5A648761C01283C0CAA1755040DD2406819543FB3F', 4);
INSERT INTO public.navnode VALUES (280, 'connector', '01010000A0E610000008AC1C5A648761C0931804560EED3740DD2406819543FB3F', 4);
INSERT INTO public.navnode VALUES (281, 'connector', '01010000A0E6100000CDCCCCCCCCCC05C0B29DEFA7C6CB1340DD2406819543FB3F', 4);
INSERT INTO public.navnode VALUES (282, 'connector', '01010000A0E6100000FA7E6ABC749368BFFCA9F1D24D62503FDD2406819543FB3F', 4);
INSERT INTO public.navnode VALUES (283, 'connector', '01010000A0E6100000CDCCCCCCCCCC05C0FCA9F1D24D62503FDD2406819543FB3F', 4);
INSERT INTO public.navnode VALUES (284, 'connector', '01010000A0E6100000273108AC1C5AF2BFFCA9F1D24D62503FDD2406819543FB3F', 4);
INSERT INTO public.navnode VALUES (285, 'connector', '01010000A0E6100000E5D022DBF93E28C0B29DEFA7C6CB1340DD2406819543FB3F', 4);
INSERT INTO public.navnode VALUES (286, 'connector', '01010000A0E6100000273108AC1C5AF2BFF0A7C64B37091B40DD2406819543FB3F', 4);
INSERT INTO public.navnode VALUES (287, 'connector', '01010000A0E6100000273108AC1C5AF2BF4A0C022B87163940DD2406819543FB3F', 4);
INSERT INTO public.navnode VALUES (288, 'connector', '01010000A0E6100000F2D24D62103837C0B29DEFA7C6CB1340DD2406819543FB3F', 4);
INSERT INTO public.navnode VALUES (289, 'connector', '01010000A0E610000046B6F3FDD4B83AC0DF4F8D976E924640DD2406819543FB3F', 4);
INSERT INTO public.navnode VALUES (290, 'connector', '01010000A0E6100000AC1C5A643BDF4BC0DF4F8D976E924640DD2406819543FB3F', 4);
INSERT INTO public.navnode VALUES (291, 'connector', '01010000A0E6100000273108AC1C5AF2BF643BDF4F8D874040DD2406819543FB3F', 4);
INSERT INTO public.navnode VALUES (292, 'connector', '01010000A0E6100000A245B6F3FDD404C04A0C022B87163940DD2406819543FB3F', 4);
INSERT INTO public.navnode VALUES (293, 'connector', '01010000A0E6100000560E2DB29DEF04C0643BDF4F8D874040DD2406819543FB3F', 4);
INSERT INTO public.navnode VALUES (294, 'connector', '01010000A0E6100000273108AC1C5AF2BFDF4F8D976E924640DD2406819543FB3F', 4);
INSERT INTO public.navnode VALUES (295, 'connector', '01010000A0E610000039B4C876BEBF33C0DF4F8D976E924640DD2406819543FB3F', 4);
INSERT INTO public.navnode VALUES (296, 'connector', '01010000A0E610000039B4C876BEBF33C0355EBA490C624540DD2406819543FB3F', 4);
INSERT INTO public.navnode VALUES (297, 'connector', '01010000A0E610000046B6F3FDD4B83AC04260E5D0225B4540DD2406819543FB3F', 4);
INSERT INTO public.navnode VALUES (298, 'connector', '01010000A0E6100000C3F5285C8F0A56C0DF4F8D976E924640DD2406819543FB3F', 4);
INSERT INTO public.navnode VALUES (299, 'connector', '01010000A0E6100000AC1C5A643BDF4BC05C8FC2F5284C4540DD2406819543FB3F', 4);
INSERT INTO public.navnode VALUES (300, 'connector', '01010000A0E61000000AD7A3703DFA5CC0DF4F8D976E924640DD2406819543FB3F', 4);
INSERT INTO public.navnode VALUES (301, 'connector', '01010000A0E6100000C3F5285C8F0A56C0BA490C022B574540DD2406819543FB3F', 4);
INSERT INTO public.navnode VALUES (302, 'connector', '01010000A0E610000004560E2DB2DD52C0B29DEFA7C6CB1340DD2406819543FB3F', 4);
INSERT INTO public.navnode VALUES (303, 'connector', '01010000A0E6100000DD240681950B56C0B29DEFA7C6CB1340DD2406819543FB3F', 4);
INSERT INTO public.navnode VALUES (304, 'connector', '01010000A0E61000005C8FC2F5282C5EC0B29DEFA7C6CB1340DD2406819543FB3F', 4);
INSERT INTO public.navnode VALUES (305, 'connector', '01010000A0E6100000DD240681950B56C0560E2DB29D2F2C40DD2406819543FB3F', 4);
INSERT INTO public.navnode VALUES (306, 'connector', '01010000A0E61000005C8FC2F5282C5EC05839B4C876BE1D40DD2406819543FB3F', 4);
INSERT INTO public.navnode VALUES (307, 'connector', '01010000A0E6100000022B8716D93659C0B29DEFA7C6CB1340DD2406819543FB3F', 4);
INSERT INTO public.navnode VALUES (308, 'connector', '01010000A0E6100000560E2DB29DDF4BC05C8FC2F528DC2940DD2406819543FB3F', 4);
INSERT INTO public.navnode VALUES (309, 'connector', '01010000A0E6100000560E2DB29DDF4BC054E3A59BC4603940DD2406819543FB3F', 4);
INSERT INTO public.navnode VALUES (310, 'connector', '01010000A0E61000001B2FDD24063950C05C8FC2F528DC2940DD2406819543FB3F', 4);
INSERT INTO public.navnode VALUES (311, 'connector', '01010000A0E6100000C976BE9F1ABF55C05C8FC2F528DC2940DD2406819543FB3F', 4);
INSERT INTO public.navnode VALUES (312, 'connector', '01010000A0E6100000B0726891ED5456C05C8FC2F528DC2940DD2406819543FB3F', 4);
INSERT INTO public.navnode VALUES (313, 'connector', '01010000A0E61000008716D9CEF7935BC05C8FC2F528DC2940DD2406819543FB3F', 4);
INSERT INTO public.navnode VALUES (314, 'connector', '01010000A0E6100000CBA145B6F3FD5CC05C8FC2F528DC2940DD2406819543FB3F', 4);
INSERT INTO public.navnode VALUES (315, 'connector', '01010000A0E6100000E5D022DBF93E28C0E3A59BC4201030C0DD2406819543FB3F', 4);
INSERT INTO public.navnode VALUES (316, 'connector', '01010000A0E6100000CBA145B6F3FD5CC0CDCCCCCCCC8C2640DD2406819543FB3F', 4);
INSERT INTO public.navnode VALUES (317, 'connector', '01010000A0E6100000E5D022DBF93E28C037894160E53040C0DD2406819543FB3F', 4);
INSERT INTO public.navnode VALUES (318, 'connector', '01010000A0E6100000E5D022DBF93E28C0EC51B81E852B49C0DD2406819543FB3F', 4);
INSERT INTO public.navnode VALUES (319, 'connector', '01010000A0E6100000E5D022DBF93E28C054E3A59BC4E049C0DD2406819543FB3F', 4);
INSERT INTO public.navnode VALUES (320, 'connector', '01010000A0E6100000068195438BFC41C054E3A59BC4E049C0DD2406819543FB3F', 4);
INSERT INTO public.navnode VALUES (321, 'connector', '01010000A0E610000085EB51B81E8545C054E3A59BC4E049C0DD2406819543FB3F', 4);
INSERT INTO public.navnode VALUES (322, 'connector', '01010000A0E6100000B0726891ED1C51C054E3A59BC4E049C0DD2406819543FB3F', 4);
INSERT INTO public.navnode VALUES (323, 'connector', '01010000A0E61000006DE7FBA9F1E252C054E3A59BC4E049C0DD2406819543FB3F', 4);
INSERT INTO public.navnode VALUES (324, 'connector', '01010000A0E6100000AC1C5A643B3F59C054E3A59BC4E049C0DD2406819543FB3F', 4);
INSERT INTO public.navnode VALUES (325, 'connector', '01010000A0E61000006ABC749318045BC054E3A59BC4E049C0DD2406819543FB3F', 4);
INSERT INTO public.navnode VALUES (326, 'connector', '01010000A0E61000006ABC749318045BC0E5D022DBF9BE48C0DD2406819543FB3F', 4);
INSERT INTO public.navnode VALUES (327, 'connector', '01010000A0E6100000AC1C5A643B3F59C054E3A59BC4B048C0DD2406819543FB3F', 4);
INSERT INTO public.navnode VALUES (328, 'connector', '01010000A0E61000006DE7FBA9F1E252C054E3A59BC4B048C0DD2406819543FB3F', 4);
INSERT INTO public.navnode VALUES (329, 'connector', '01010000A0E6100000B0726891ED1C51C09A99999999A948C0DD2406819543FB3F', 4);
INSERT INTO public.navnode VALUES (330, 'connector', '01010000A0E610000085EB51B81E8545C062105839B45844C0DD2406819543FB3F', 4);
INSERT INTO public.navnode VALUES (331, 'connector', '01010000A0E6100000068195438BFC41C0A245B6F3FD6444C0DD2406819543FB3F', 4);
INSERT INTO public.navnode VALUES (332, 'connector', '01010000A0E6100000E9263108ACFC5AC0B29DEFA7C6CB1340DD2406819543FB3F', 4);
INSERT INTO public.navnode VALUES (333, 'connector', '01010000A0E6100000E9263108ACFC5AC0560E2DB29DEFF3BFDD2406819543FB3F', 4);
INSERT INTO public.navnode VALUES (334, 'connector', '01010000A0E6100000022B8716D93659C085EB51B81E85F7BFDD2406819543FB3F', 4);
INSERT INTO public.navnode VALUES (335, 'connector', '01010000A0E6100000560E2DB29DDF4BC0B29DEFA7C6CB1340DD2406819543FB3F', 4);
INSERT INTO public.navnode VALUES (336, 'connector', '01010000A0E6100000560E2DB29DDF4BC0B29DEFA7C6CB1340DD2406819543FB3F', 4);
INSERT INTO public.navnode VALUES (337, 'connector', '01010000A0E6100000EC51B81E851B51C0B29DEFA7C6CB1340DD2406819543FB3F', 4);
INSERT INTO public.navnode VALUES (338, 'connector', '01010000A0E610000004560E2DB2DD52C0560E2DB29DEFF5BFDD2406819543FB3F', 4);
INSERT INTO public.navnode VALUES (339, 'connector', '01010000A0E6100000EC51B81E851B51C0D122DBF97E6AF4BFDD2406819543FB3F', 4);
INSERT INTO public.navnode VALUES (340, 'connector', '01010000A0E6100000CFF753E3A5FB41C0B29DEFA7C6CB1340DD2406819543FB3F', 4);
INSERT INTO public.navnode VALUES (341, 'connector', '01010000A0E610000004560E2DB27D45C0B29DEFA7C6CB1340DD2406819543FB3F', 4);
INSERT INTO public.navnode VALUES (342, 'connector', '01010000A0E610000004560E2DB27D45C0560E2DB29DEFF3BFDD2406819543FB3F', 4);
INSERT INTO public.navnode VALUES (343, 'connector', '01010000A0E6100000CFF753E3A5FB41C0560E2DB29DEFF3BFDD2406819543FB3F', 4);
INSERT INTO public.navnode VALUES (344, 'connector', '01010000A0E6100000F2D24D62103837C0C74B378941E01D40DD2406819543FB3F', 4);
INSERT INTO public.navnode VALUES (345, 'connector', '01010000A0E61000001283C0CAA1C51540FCA9F1D24D62503FDD2406819543FB3F', 4);
INSERT INTO public.navnode VALUES (346, 'connector', '01010000A0E61000001283C0CAA1C515402B8716D9CE674B40DD2406819543FB3F', 4);
INSERT INTO public.navnode VALUES (347, 'connector', '01010000A0E61000001B2FDD2406F158C02B8716D9CE674B40DD2406819543FB3F', 4);
INSERT INTO public.navnode VALUES (348, 'connector', '01010000A0E61000001B2FDD2406F158C01283C0CAA1755040DD2406819543FB3F', 4);
INSERT INTO public.navnode VALUES (349, 'connector', '01010000A0E610000008AC1C5A648761C01283C0CAA1755040DD2406819543FB3F', 4);
INSERT INTO public.navnode VALUES (350, 'connector', '01010000A0E610000008AC1C5A648761C0931804560EED3740DD2406819543FB3F', 4);
INSERT INTO public.navnode VALUES (351, 'connector', '01010000A0E6100000CDCCCCCCCCCC05C0B29DEFA7C6CB1340DD2406819543FB3F', 4);
INSERT INTO public.navnode VALUES (352, 'connector', '01010000A0E6100000FA7E6ABC749368BFFCA9F1D24D62503FDD2406819543FB3F', 4);
INSERT INTO public.navnode VALUES (353, 'connector', '01010000A0E6100000CDCCCCCCCCCC05C0FCA9F1D24D62503FDD2406819543FB3F', 4);
INSERT INTO public.navnode VALUES (354, 'connector', '01010000A0E6100000273108AC1C5AF2BFFCA9F1D24D62503FDD2406819543FB3F', 4);
INSERT INTO public.navnode VALUES (355, 'connector', '01010000A0E6100000E5D022DBF93E28C0B29DEFA7C6CB1340DD2406819543FB3F', 4);
INSERT INTO public.navnode VALUES (356, 'connector', '01010000A0E6100000273108AC1C5AF2BFF0A7C64B37091B40DD2406819543FB3F', 4);
INSERT INTO public.navnode VALUES (357, 'connector', '01010000A0E6100000273108AC1C5AF2BF4A0C022B87163940DD2406819543FB3F', 4);
INSERT INTO public.navnode VALUES (358, 'connector', '01010000A0E6100000F2D24D62103837C0B29DEFA7C6CB1340DD2406819543FB3F', 4);
INSERT INTO public.navnode VALUES (359, 'connector', '01010000A0E610000046B6F3FDD4B83AC0DF4F8D976E924640DD2406819543FB3F', 4);
INSERT INTO public.navnode VALUES (360, 'connector', '01010000A0E6100000AC1C5A643BDF4BC0DF4F8D976E924640DD2406819543FB3F', 4);
INSERT INTO public.navnode VALUES (361, 'connector', '01010000A0E6100000273108AC1C5AF2BF643BDF4F8D874040DD2406819543FB3F', 4);
INSERT INTO public.navnode VALUES (362, 'connector', '01010000A0E6100000A245B6F3FDD404C04A0C022B87163940DD2406819543FB3F', 4);
INSERT INTO public.navnode VALUES (363, 'connector', '01010000A0E6100000560E2DB29DEF04C0643BDF4F8D874040DD2406819543FB3F', 4);
INSERT INTO public.navnode VALUES (364, 'connector', '01010000A0E6100000273108AC1C5AF2BFDF4F8D976E924640DD2406819543FB3F', 4);
INSERT INTO public.navnode VALUES (365, 'connector', '01010000A0E610000039B4C876BEBF33C0DF4F8D976E924640DD2406819543FB3F', 4);
INSERT INTO public.navnode VALUES (366, 'connector', '01010000A0E610000039B4C876BEBF33C0355EBA490C624540DD2406819543FB3F', 4);
INSERT INTO public.navnode VALUES (367, 'connector', '01010000A0E610000046B6F3FDD4B83AC04260E5D0225B4540DD2406819543FB3F', 4);
INSERT INTO public.navnode VALUES (368, 'connector', '01010000A0E6100000C3F5285C8F0A56C0DF4F8D976E924640DD2406819543FB3F', 4);
INSERT INTO public.navnode VALUES (369, 'connector', '01010000A0E6100000AC1C5A643BDF4BC05C8FC2F5284C4540DD2406819543FB3F', 4);
INSERT INTO public.navnode VALUES (370, 'connector', '01010000A0E61000000AD7A3703DFA5CC0DF4F8D976E924640DD2406819543FB3F', 4);
INSERT INTO public.navnode VALUES (371, 'connector', '01010000A0E6100000C3F5285C8F0A56C0BA490C022B574540DD2406819543FB3F', 4);
INSERT INTO public.navnode VALUES (372, 'connector', '01010000A0E610000004560E2DB2DD52C0B29DEFA7C6CB1340DD2406819543FB3F', 4);
INSERT INTO public.navnode VALUES (373, 'connector', '01010000A0E6100000DD240681950B56C0B29DEFA7C6CB1340DD2406819543FB3F', 4);
INSERT INTO public.navnode VALUES (374, 'connector', '01010000A0E61000005C8FC2F5282C5EC0B29DEFA7C6CB1340DD2406819543FB3F', 4);
INSERT INTO public.navnode VALUES (375, 'connector', '01010000A0E6100000DD240681950B56C0560E2DB29D2F2C40DD2406819543FB3F', 4);
INSERT INTO public.navnode VALUES (376, 'connector', '01010000A0E61000005C8FC2F5282C5EC05839B4C876BE1D40DD2406819543FB3F', 4);
INSERT INTO public.navnode VALUES (377, 'connector', '01010000A0E6100000022B8716D93659C0B29DEFA7C6CB1340DD2406819543FB3F', 4);
INSERT INTO public.navnode VALUES (378, 'connector', '01010000A0E6100000560E2DB29DDF4BC05C8FC2F528DC2940DD2406819543FB3F', 4);
INSERT INTO public.navnode VALUES (379, 'connector', '01010000A0E6100000560E2DB29DDF4BC054E3A59BC4603940DD2406819543FB3F', 4);
INSERT INTO public.navnode VALUES (380, 'connector', '01010000A0E61000001B2FDD24063950C05C8FC2F528DC2940DD2406819543FB3F', 4);
INSERT INTO public.navnode VALUES (381, 'connector', '01010000A0E6100000C976BE9F1ABF55C05C8FC2F528DC2940DD2406819543FB3F', 4);
INSERT INTO public.navnode VALUES (382, 'connector', '01010000A0E6100000B0726891ED5456C05C8FC2F528DC2940DD2406819543FB3F', 4);
INSERT INTO public.navnode VALUES (383, 'connector', '01010000A0E61000008716D9CEF7935BC05C8FC2F528DC2940DD2406819543FB3F', 4);
INSERT INTO public.navnode VALUES (384, 'connector', '01010000A0E6100000CBA145B6F3FD5CC05C8FC2F528DC2940DD2406819543FB3F', 4);
INSERT INTO public.navnode VALUES (385, 'connector', '01010000A0E6100000E5D022DBF93E28C0E3A59BC4201030C0DD2406819543FB3F', 4);
INSERT INTO public.navnode VALUES (386, 'connector', '01010000A0E6100000CBA145B6F3FD5CC0CDCCCCCCCC8C2640DD2406819543FB3F', 4);
INSERT INTO public.navnode VALUES (387, 'connector', '01010000A0E6100000E5D022DBF93E28C037894160E53040C0DD2406819543FB3F', 4);
INSERT INTO public.navnode VALUES (388, 'connector', '01010000A0E6100000E5D022DBF93E28C0EC51B81E852B49C0DD2406819543FB3F', 4);
INSERT INTO public.navnode VALUES (389, 'connector', '01010000A0E6100000E5D022DBF93E28C054E3A59BC4E049C0DD2406819543FB3F', 4);
INSERT INTO public.navnode VALUES (390, 'connector', '01010000A0E6100000068195438BFC41C054E3A59BC4E049C0DD2406819543FB3F', 4);
INSERT INTO public.navnode VALUES (391, 'connector', '01010000A0E610000085EB51B81E8545C054E3A59BC4E049C0DD2406819543FB3F', 4);
INSERT INTO public.navnode VALUES (392, 'connector', '01010000A0E6100000B0726891ED1C51C054E3A59BC4E049C0DD2406819543FB3F', 4);
INSERT INTO public.navnode VALUES (393, 'connector', '01010000A0E61000006DE7FBA9F1E252C054E3A59BC4E049C0DD2406819543FB3F', 4);
INSERT INTO public.navnode VALUES (394, 'connector', '01010000A0E6100000AC1C5A643B3F59C054E3A59BC4E049C0DD2406819543FB3F', 4);
INSERT INTO public.navnode VALUES (395, 'connector', '01010000A0E61000006ABC749318045BC054E3A59BC4E049C0DD2406819543FB3F', 4);
INSERT INTO public.navnode VALUES (396, 'connector', '01010000A0E61000006ABC749318045BC0E5D022DBF9BE48C0DD2406819543FB3F', 4);
INSERT INTO public.navnode VALUES (397, 'connector', '01010000A0E6100000AC1C5A643B3F59C054E3A59BC4B048C0DD2406819543FB3F', 4);
INSERT INTO public.navnode VALUES (398, 'connector', '01010000A0E61000006DE7FBA9F1E252C054E3A59BC4B048C0DD2406819543FB3F', 4);
INSERT INTO public.navnode VALUES (399, 'connector', '01010000A0E6100000B0726891ED1C51C09A99999999A948C0DD2406819543FB3F', 4);
INSERT INTO public.navnode VALUES (400, 'connector', '01010000A0E610000085EB51B81E8545C062105839B45844C0DD2406819543FB3F', 4);
INSERT INTO public.navnode VALUES (401, 'connector', '01010000A0E6100000068195438BFC41C0A245B6F3FD6444C0DD2406819543FB3F', 4);
INSERT INTO public.navnode VALUES (402, 'connector', '01010000A0E6100000E9263108ACFC5AC0B29DEFA7C6CB1340DD2406819543FB3F', 4);
INSERT INTO public.navnode VALUES (403, 'connector', '01010000A0E6100000E9263108ACFC5AC0560E2DB29DEFF3BFDD2406819543FB3F', 4);
INSERT INTO public.navnode VALUES (404, 'connector', '01010000A0E6100000022B8716D93659C085EB51B81E85F7BFDD2406819543FB3F', 4);
INSERT INTO public.navnode VALUES (405, 'connector', '01010000A0E6100000560E2DB29DDF4BC0B29DEFA7C6CB1340DD2406819543FB3F', 4);
INSERT INTO public.navnode VALUES (406, 'connector', '01010000A0E6100000560E2DB29DDF4BC0B29DEFA7C6CB1340DD2406819543FB3F', 4);
INSERT INTO public.navnode VALUES (407, 'connector', '01010000A0E6100000EC51B81E851B51C0B29DEFA7C6CB1340DD2406819543FB3F', 4);
INSERT INTO public.navnode VALUES (408, 'connector', '01010000A0E610000004560E2DB2DD52C0560E2DB29DEFF5BFDD2406819543FB3F', 4);
INSERT INTO public.navnode VALUES (409, 'connector', '01010000A0E6100000EC51B81E851B51C0D122DBF97E6AF4BFDD2406819543FB3F', 4);
INSERT INTO public.navnode VALUES (410, 'connector', '01010000A0E6100000CFF753E3A5FB41C0B29DEFA7C6CB1340DD2406819543FB3F', 4);
INSERT INTO public.navnode VALUES (411, 'connector', '01010000A0E610000004560E2DB27D45C0B29DEFA7C6CB1340DD2406819543FB3F', 4);
INSERT INTO public.navnode VALUES (412, 'connector', '01010000A0E610000004560E2DB27D45C0560E2DB29DEFF3BFDD2406819543FB3F', 4);
INSERT INTO public.navnode VALUES (413, 'connector', '01010000A0E6100000CFF753E3A5FB41C0560E2DB29DEFF3BFDD2406819543FB3F', 4);
INSERT INTO public.navnode VALUES (414, 'connector', '01010000A0E6100000F2D24D62103837C0C74B378941E01D40DD2406819543FB3F', 4);
INSERT INTO public.navnode VALUES (415, 'connector', '01010000A0E61000001283C0CAA1C51540FCA9F1D24D62503FDD2406819543FB3F', 4);
INSERT INTO public.navnode VALUES (416, 'connector', '01010000A0E61000001283C0CAA1C515402B8716D9CE674B40DD2406819543FB3F', 4);
INSERT INTO public.navnode VALUES (417, 'connector', '01010000A0E61000001B2FDD2406F158C02B8716D9CE674B40DD2406819543FB3F', 4);
INSERT INTO public.navnode VALUES (418, 'connector', '01010000A0E61000001B2FDD2406F158C01283C0CAA1755040DD2406819543FB3F', 4);
INSERT INTO public.navnode VALUES (419, 'connector', '01010000A0E610000008AC1C5A648761C01283C0CAA1755040DD2406819543FB3F', 4);
INSERT INTO public.navnode VALUES (420, 'connector', '01010000A0E610000008AC1C5A648761C0931804560EED3740DD2406819543FB3F', 4);


--
-- TOC entry 4942 (class 0 OID 18073)
-- Dependencies: 237
-- Data for Name: poi; Type: TABLE DATA; Schema: public; Owner: mg4
--

INSERT INTO public.poi VALUES (7, 'Accueil', false, '01010000A0E6100000FA7E6ABC749368BFFCA9F1D24D62503FDD2406819543FB3F', NULL, 4, NULL);
INSERT INTO public.poi VALUES (8, 'Cons1', false, '01010000A0E6100000A245B6F3FDD404C04A0C022B87163940DD2406819543FB3F', NULL, 4, NULL);
INSERT INTO public.poi VALUES (9, 'Cons2', false, '01010000A0E6100000560E2DB29DEF04C0643BDF4F8D874040DD2406819543FB3F', NULL, 4, NULL);
INSERT INTO public.poi VALUES (10, 'Reedu1', false, '01010000A0E610000039B4C876BEBF33C0355EBA490C624540DD2406819543FB3F', NULL, 4, NULL);
INSERT INTO public.poi VALUES (11, 'Reedu2', false, '01010000A0E610000046B6F3FDD4B83AC04260E5D0225B4540DD2406819543FB3F', NULL, 4, NULL);
INSERT INTO public.poi VALUES (12, 'Radiologie', false, '01010000A0E6100000AC1C5A643BDF4BC05C8FC2F5284C4540DD2406819543FB3F', NULL, 4, NULL);
INSERT INTO public.poi VALUES (13, 'HopJour', false, '01010000A0E6100000C3F5285C8F0A56C0BA490C022B574540DD2406819543FB3F', NULL, 4, NULL);
INSERT INTO public.poi VALUES (14, 'Urgences.002', false, '01010000A0E61000000AD7A3703DFA5CC0DF4F8D976E924640DD2406819543FB3F', NULL, 4, NULL);
INSERT INTO public.poi VALUES (15, 'Urgences.001', false, '01010000A0E61000005C8FC2F5282C5EC05839B4C876BE1D40DD2406819543FB3F', NULL, 4, NULL);
INSERT INTO public.poi VALUES (16, 'Urgences', false, '01010000A0E610000008AC1C5A648761C0931804560EED3740DD2406819543FB3F', NULL, 4, NULL);
INSERT INTO public.poi VALUES (17, 'Urgences.003', false, '01010000A0E6100000CBA145B6F3FD5CC05C8FC2F528DC2940DD2406819543FB3F', NULL, 4, NULL);
INSERT INTO public.poi VALUES (18, 'HopJour.001', false, '01010000A0E6100000DD240681950B56C0560E2DB29D2F2C40DD2406819543FB3F', NULL, 4, NULL);
INSERT INTO public.poi VALUES (19, 'Radiologie.001', false, '01010000A0E6100000560E2DB29DDF4BC054E3A59BC4603940DD2406819543FB3F', NULL, 4, NULL);
INSERT INTO public.poi VALUES (20, 'Reedu', false, '01010000A0E6100000F2D24D62103837C0C74B378941E01D40DD2406819543FB3F', NULL, 4, NULL);
INSERT INTO public.poi VALUES (21, 'Administration', false, '01010000A0E6100000E5D022DBF93E28C0E3A59BC4201030C0DD2406819543FB3F', NULL, 4, NULL);
INSERT INTO public.poi VALUES (22, 'Pediatrie', false, '01010000A0E610000004560E2DB27D45C0560E2DB29DEFF3BFDD2406819543FB3F', NULL, 4, NULL);
INSERT INTO public.poi VALUES (23, 'Pediatrie.001', false, '01010000A0E6100000CFF753E3A5FB41C0560E2DB29DEFF3BFDD2406819543FB3F', NULL, 4, NULL);
INSERT INTO public.poi VALUES (24, 'Pediatrie.002', false, '01010000A0E6100000068195438BFC41C0A245B6F3FD6444C0DD2406819543FB3F', NULL, 4, NULL);
INSERT INTO public.poi VALUES (25, 'Pediatrie.003', false, '01010000A0E610000085EB51B81E8545C062105839B45844C0DD2406819543FB3F', NULL, 4, NULL);
INSERT INTO public.poi VALUES (26, 'Hospitalisation1', false, '01010000A0E610000004560E2DB2DD52C0560E2DB29DEFF5BFDD2406819543FB3F', NULL, 4, NULL);
INSERT INTO public.poi VALUES (27, 'Hospitalisation1.001', false, '01010000A0E6100000EC51B81E851B51C0D122DBF97E6AF4BFDD2406819543FB3F', NULL, 4, NULL);
INSERT INTO public.poi VALUES (28, 'Hospitalisation1.002', false, '01010000A0E6100000B0726891ED1C51C09A99999999A948C0DD2406819543FB3F', NULL, 4, NULL);
INSERT INTO public.poi VALUES (29, 'Hospitalisation1.003', false, '01010000A0E61000006DE7FBA9F1E252C054E3A59BC4B048C0DD2406819543FB3F', NULL, 4, NULL);
INSERT INTO public.poi VALUES (30, 'Hospitalisation2', false, '01010000A0E6100000E9263108ACFC5AC0560E2DB29DEFF3BFDD2406819543FB3F', NULL, 4, NULL);
INSERT INTO public.poi VALUES (31, 'Hospitalisation2.001', false, '01010000A0E6100000022B8716D93659C085EB51B81E85F7BFDD2406819543FB3F', NULL, 4, NULL);
INSERT INTO public.poi VALUES (32, 'Hospitalisation2.002', false, '01010000A0E6100000AC1C5A643B3F59C054E3A59BC4B048C0DD2406819543FB3F', NULL, 4, NULL);
INSERT INTO public.poi VALUES (33, 'Hospitalisation2.003', false, '01010000A0E61000006ABC749318045BC0E5D022DBF9BE48C0DD2406819543FB3F', NULL, 4, NULL);


--
-- TOC entry 4949 (class 0 OID 18163)
-- Dependencies: 244
-- Data for Name: poitranslation; Type: TABLE DATA; Schema: public; Owner: mg4
--

INSERT INTO public.poitranslation VALUES (7, 'fr', 'Accueil');
INSERT INTO public.poitranslation VALUES (8, 'fr', 'Cons1');
INSERT INTO public.poitranslation VALUES (9, 'fr', 'Cons2');
INSERT INTO public.poitranslation VALUES (10, 'fr', 'Reedu1');
INSERT INTO public.poitranslation VALUES (11, 'fr', 'Reedu2');
INSERT INTO public.poitranslation VALUES (12, 'fr', 'Radiologie');
INSERT INTO public.poitranslation VALUES (13, 'fr', 'HopJour');
INSERT INTO public.poitranslation VALUES (14, 'fr', 'Urgences.002');
INSERT INTO public.poitranslation VALUES (15, 'fr', 'Urgences.001');
INSERT INTO public.poitranslation VALUES (16, 'fr', 'Urgences');
INSERT INTO public.poitranslation VALUES (17, 'fr', 'Urgences.003');
INSERT INTO public.poitranslation VALUES (18, 'fr', 'HopJour.001');
INSERT INTO public.poitranslation VALUES (19, 'fr', 'Radiologie.001');
INSERT INTO public.poitranslation VALUES (20, 'fr', 'Reedu');
INSERT INTO public.poitranslation VALUES (21, 'fr', 'Administration');
INSERT INTO public.poitranslation VALUES (22, 'fr', 'Pediatrie');
INSERT INTO public.poitranslation VALUES (23, 'fr', 'Pediatrie.001');
INSERT INTO public.poitranslation VALUES (24, 'fr', 'Pediatrie.002');
INSERT INTO public.poitranslation VALUES (25, 'fr', 'Pediatrie.003');
INSERT INTO public.poitranslation VALUES (26, 'fr', 'Hospitalisation1');
INSERT INTO public.poitranslation VALUES (27, 'fr', 'Hospitalisation1.001');
INSERT INTO public.poitranslation VALUES (28, 'fr', 'Hospitalisation1.002');
INSERT INTO public.poitranslation VALUES (29, 'fr', 'Hospitalisation1.003');
INSERT INTO public.poitranslation VALUES (30, 'fr', 'Hospitalisation2');
INSERT INTO public.poitranslation VALUES (31, 'fr', 'Hospitalisation2.001');
INSERT INTO public.poitranslation VALUES (32, 'fr', 'Hospitalisation2.002');
INSERT INTO public.poitranslation VALUES (33, 'fr', 'Hospitalisation2.003');


--
-- TOC entry 4940 (class 0 OID 18060)
-- Dependencies: 235
-- Data for Name: service; Type: TABLE DATA; Schema: public; Owner: mg4
--



--
-- TOC entry 4948 (class 0 OID 18143)
-- Dependencies: 243
-- Data for Name: servicetranslation; Type: TABLE DATA; Schema: public; Owner: mg4
--



--
-- TOC entry 4659 (class 0 OID 17221)
-- Dependencies: 222
-- Data for Name: spatial_ref_sys; Type: TABLE DATA; Schema: public; Owner: mg4
--



--
-- TOC entry 4986 (class 0 OID 0)
-- Dependencies: 252
-- Name: auth_group_id_seq; Type: SEQUENCE SET; Schema: public; Owner: mg4
--

SELECT pg_catalog.setval('public.auth_group_id_seq', 1, false);


--
-- TOC entry 4987 (class 0 OID 0)
-- Dependencies: 254
-- Name: auth_group_permissions_id_seq; Type: SEQUENCE SET; Schema: public; Owner: mg4
--

SELECT pg_catalog.setval('public.auth_group_permissions_id_seq', 1, false);


--
-- TOC entry 4988 (class 0 OID 0)
-- Dependencies: 250
-- Name: auth_permission_id_seq; Type: SEQUENCE SET; Schema: public; Owner: mg4
--

SELECT pg_catalog.setval('public.auth_permission_id_seq', 72, true);


--
-- TOC entry 4989 (class 0 OID 0)
-- Dependencies: 258
-- Name: auth_user_groups_id_seq; Type: SEQUENCE SET; Schema: public; Owner: mg4
--

SELECT pg_catalog.setval('public.auth_user_groups_id_seq', 1, false);


--
-- TOC entry 4990 (class 0 OID 0)
-- Dependencies: 256
-- Name: auth_user_id_seq; Type: SEQUENCE SET; Schema: public; Owner: mg4
--

SELECT pg_catalog.setval('public.auth_user_id_seq', 1, false);


--
-- TOC entry 4991 (class 0 OID 0)
-- Dependencies: 260
-- Name: auth_user_user_permissions_id_seq; Type: SEQUENCE SET; Schema: public; Owner: mg4
--

SELECT pg_catalog.setval('public.auth_user_user_permissions_id_seq', 1, false);


--
-- TOC entry 4992 (class 0 OID 0)
-- Dependencies: 228
-- Name: building_id_seq; Type: SEQUENCE SET; Schema: public; Owner: mg4
--

SELECT pg_catalog.setval('public.building_id_seq', 3, true);


--
-- TOC entry 4993 (class 0 OID 0)
-- Dependencies: 262
-- Name: django_admin_log_id_seq; Type: SEQUENCE SET; Schema: public; Owner: mg4
--

SELECT pg_catalog.setval('public.django_admin_log_id_seq', 1, false);


--
-- TOC entry 4994 (class 0 OID 0)
-- Dependencies: 248
-- Name: django_content_type_id_seq; Type: SEQUENCE SET; Schema: public; Owner: mg4
--

SELECT pg_catalog.setval('public.django_content_type_id_seq', 18, true);


--
-- TOC entry 4995 (class 0 OID 0)
-- Dependencies: 246
-- Name: django_migrations_id_seq; Type: SEQUENCE SET; Schema: public; Owner: mg4
--

SELECT pg_catalog.setval('public.django_migrations_id_seq', 18, true);


--
-- TOC entry 4996 (class 0 OID 0)
-- Dependencies: 230
-- Name: floor_id_seq; Type: SEQUENCE SET; Schema: public; Owner: mg4
--

SELECT pg_catalog.setval('public.floor_id_seq', 4, true);


--
-- TOC entry 4997 (class 0 OID 0)
-- Dependencies: 226
-- Name: hospital_id_seq; Type: SEQUENCE SET; Schema: public; Owner: mg4
--

SELECT pg_catalog.setval('public.hospital_id_seq', 3, true);


--
-- TOC entry 4998 (class 0 OID 0)
-- Dependencies: 232
-- Name: model3d_id_seq; Type: SEQUENCE SET; Schema: public; Owner: mg4
--

SELECT pg_catalog.setval('public.model3d_id_seq', 1, false);


--
-- TOC entry 4999 (class 0 OID 0)
-- Dependencies: 240
-- Name: navedge_id_seq; Type: SEQUENCE SET; Schema: public; Owner: mg4
--

SELECT pg_catalog.setval('public.navedge_id_seq', 284, true);


--
-- TOC entry 5000 (class 0 OID 0)
-- Dependencies: 238
-- Name: navnode_id_seq; Type: SEQUENCE SET; Schema: public; Owner: mg4
--

SELECT pg_catalog.setval('public.navnode_id_seq', 420, true);


--
-- TOC entry 5001 (class 0 OID 0)
-- Dependencies: 236
-- Name: poi_id_seq; Type: SEQUENCE SET; Schema: public; Owner: mg4
--

SELECT pg_catalog.setval('public.poi_id_seq', 33, true);


--
-- TOC entry 5002 (class 0 OID 0)
-- Dependencies: 234
-- Name: service_id_seq; Type: SEQUENCE SET; Schema: public; Owner: mg4
--

SELECT pg_catalog.setval('public.service_id_seq', 1, false);


--
-- TOC entry 4719 (class 2606 OID 20956)
-- Name: auth_group auth_group_name_key; Type: CONSTRAINT; Schema: public; Owner: mg4
--

ALTER TABLE ONLY public.auth_group
    ADD CONSTRAINT auth_group_name_key UNIQUE (name);


--
-- TOC entry 4724 (class 2606 OID 20877)
-- Name: auth_group_permissions auth_group_permissions_group_id_permission_id_0cd325b0_uniq; Type: CONSTRAINT; Schema: public; Owner: mg4
--

ALTER TABLE ONLY public.auth_group_permissions
    ADD CONSTRAINT auth_group_permissions_group_id_permission_id_0cd325b0_uniq UNIQUE (group_id, permission_id);


--
-- TOC entry 4727 (class 2606 OID 20829)
-- Name: auth_group_permissions auth_group_permissions_pkey; Type: CONSTRAINT; Schema: public; Owner: mg4
--

ALTER TABLE ONLY public.auth_group_permissions
    ADD CONSTRAINT auth_group_permissions_pkey PRIMARY KEY (id);


--
-- TOC entry 4721 (class 2606 OID 20818)
-- Name: auth_group auth_group_pkey; Type: CONSTRAINT; Schema: public; Owner: mg4
--

ALTER TABLE ONLY public.auth_group
    ADD CONSTRAINT auth_group_pkey PRIMARY KEY (id);


--
-- TOC entry 4714 (class 2606 OID 20868)
-- Name: auth_permission auth_permission_content_type_id_codename_01ab375a_uniq; Type: CONSTRAINT; Schema: public; Owner: mg4
--

ALTER TABLE ONLY public.auth_permission
    ADD CONSTRAINT auth_permission_content_type_id_codename_01ab375a_uniq UNIQUE (content_type_id, codename);


--
-- TOC entry 4716 (class 2606 OID 20810)
-- Name: auth_permission auth_permission_pkey; Type: CONSTRAINT; Schema: public; Owner: mg4
--

ALTER TABLE ONLY public.auth_permission
    ADD CONSTRAINT auth_permission_pkey PRIMARY KEY (id);


--
-- TOC entry 4735 (class 2606 OID 20857)
-- Name: auth_user_groups auth_user_groups_pkey; Type: CONSTRAINT; Schema: public; Owner: mg4
--

ALTER TABLE ONLY public.auth_user_groups
    ADD CONSTRAINT auth_user_groups_pkey PRIMARY KEY (id);


--
-- TOC entry 4738 (class 2606 OID 20892)
-- Name: auth_user_groups auth_user_groups_user_id_group_id_94350c0c_uniq; Type: CONSTRAINT; Schema: public; Owner: mg4
--

ALTER TABLE ONLY public.auth_user_groups
    ADD CONSTRAINT auth_user_groups_user_id_group_id_94350c0c_uniq UNIQUE (user_id, group_id);


--
-- TOC entry 4729 (class 2606 OID 20846)
-- Name: auth_user auth_user_pkey; Type: CONSTRAINT; Schema: public; Owner: mg4
--

ALTER TABLE ONLY public.auth_user
    ADD CONSTRAINT auth_user_pkey PRIMARY KEY (id);


--
-- TOC entry 4741 (class 2606 OID 20866)
-- Name: auth_user_user_permissions auth_user_user_permissions_pkey; Type: CONSTRAINT; Schema: public; Owner: mg4
--

ALTER TABLE ONLY public.auth_user_user_permissions
    ADD CONSTRAINT auth_user_user_permissions_pkey PRIMARY KEY (id);


--
-- TOC entry 4744 (class 2606 OID 20906)
-- Name: auth_user_user_permissions auth_user_user_permissions_user_id_permission_id_14a6b632_uniq; Type: CONSTRAINT; Schema: public; Owner: mg4
--

ALTER TABLE ONLY public.auth_user_user_permissions
    ADD CONSTRAINT auth_user_user_permissions_user_id_permission_id_14a6b632_uniq UNIQUE (user_id, permission_id);


--
-- TOC entry 4732 (class 2606 OID 20949)
-- Name: auth_user auth_user_username_key; Type: CONSTRAINT; Schema: public; Owner: mg4
--

ALTER TABLE ONLY public.auth_user
    ADD CONSTRAINT auth_user_username_key UNIQUE (username);


--
-- TOC entry 4681 (class 2606 OID 18014)
-- Name: building building_code_key; Type: CONSTRAINT; Schema: public; Owner: mg4
--

ALTER TABLE ONLY public.building
    ADD CONSTRAINT building_code_key UNIQUE (code);


--
-- TOC entry 4683 (class 2606 OID 18012)
-- Name: building building_pkey; Type: CONSTRAINT; Schema: public; Owner: mg4
--

ALTER TABLE ONLY public.building
    ADD CONSTRAINT building_pkey PRIMARY KEY (id);


--
-- TOC entry 4747 (class 2606 OID 20933)
-- Name: django_admin_log django_admin_log_pkey; Type: CONSTRAINT; Schema: public; Owner: mg4
--

ALTER TABLE ONLY public.django_admin_log
    ADD CONSTRAINT django_admin_log_pkey PRIMARY KEY (id);


--
-- TOC entry 4709 (class 2606 OID 20800)
-- Name: django_content_type django_content_type_app_label_model_76bd3d3b_uniq; Type: CONSTRAINT; Schema: public; Owner: mg4
--

ALTER TABLE ONLY public.django_content_type
    ADD CONSTRAINT django_content_type_app_label_model_76bd3d3b_uniq UNIQUE (app_label, model);


--
-- TOC entry 4711 (class 2606 OID 20798)
-- Name: django_content_type django_content_type_pkey; Type: CONSTRAINT; Schema: public; Owner: mg4
--

ALTER TABLE ONLY public.django_content_type
    ADD CONSTRAINT django_content_type_pkey PRIMARY KEY (id);


--
-- TOC entry 4707 (class 2606 OID 20788)
-- Name: django_migrations django_migrations_pkey; Type: CONSTRAINT; Schema: public; Owner: mg4
--

ALTER TABLE ONLY public.django_migrations
    ADD CONSTRAINT django_migrations_pkey PRIMARY KEY (id);


--
-- TOC entry 4751 (class 2606 OID 20969)
-- Name: django_session django_session_pkey; Type: CONSTRAINT; Schema: public; Owner: mg4
--

ALTER TABLE ONLY public.django_session
    ADD CONSTRAINT django_session_pkey PRIMARY KEY (session_key);


--
-- TOC entry 4685 (class 2606 OID 18031)
-- Name: floor floor_pkey; Type: CONSTRAINT; Schema: public; Owner: mg4
--

ALTER TABLE ONLY public.floor
    ADD CONSTRAINT floor_pkey PRIMARY KEY (id);


--
-- TOC entry 4679 (class 2606 OID 18001)
-- Name: hospital hospital_pkey; Type: CONSTRAINT; Schema: public; Owner: mg4
--

ALTER TABLE ONLY public.hospital
    ADD CONSTRAINT hospital_pkey PRIMARY KEY (id);


--
-- TOC entry 4699 (class 2606 OID 18142)
-- Name: language language_pkey; Type: CONSTRAINT; Schema: public; Owner: mg4
--

ALTER TABLE ONLY public.language
    ADD CONSTRAINT language_pkey PRIMARY KEY (code);


--
-- TOC entry 4687 (class 2606 OID 18048)
-- Name: model3d model3d_pkey; Type: CONSTRAINT; Schema: public; Owner: mg4
--

ALTER TABLE ONLY public.model3d
    ADD CONSTRAINT model3d_pkey PRIMARY KEY (id);


--
-- TOC entry 4697 (class 2606 OID 18123)
-- Name: navedge navedge_pkey; Type: CONSTRAINT; Schema: public; Owner: mg4
--

ALTER TABLE ONLY public.navedge
    ADD CONSTRAINT navedge_pkey PRIMARY KEY (id);


--
-- TOC entry 4705 (class 2606 OID 18198)
-- Name: navigationsession navigationsession_pkey; Type: CONSTRAINT; Schema: public; Owner: mg4
--

ALTER TABLE ONLY public.navigationsession
    ADD CONSTRAINT navigationsession_pkey PRIMARY KEY (id);


--
-- TOC entry 4695 (class 2606 OID 18105)
-- Name: navnode navnode_pkey; Type: CONSTRAINT; Schema: public; Owner: mg4
--

ALTER TABLE ONLY public.navnode
    ADD CONSTRAINT navnode_pkey PRIMARY KEY (id);


--
-- TOC entry 4693 (class 2606 OID 18083)
-- Name: poi poi_pkey; Type: CONSTRAINT; Schema: public; Owner: mg4
--

ALTER TABLE ONLY public.poi
    ADD CONSTRAINT poi_pkey PRIMARY KEY (id);


--
-- TOC entry 4703 (class 2606 OID 18172)
-- Name: poitranslation poitranslation_pkey; Type: CONSTRAINT; Schema: public; Owner: mg4
--

ALTER TABLE ONLY public.poitranslation
    ADD CONSTRAINT poitranslation_pkey PRIMARY KEY (poi_id, lang_code);


--
-- TOC entry 4689 (class 2606 OID 18071)
-- Name: service service_code_key; Type: CONSTRAINT; Schema: public; Owner: mg4
--

ALTER TABLE ONLY public.service
    ADD CONSTRAINT service_code_key UNIQUE (code);


--
-- TOC entry 4691 (class 2606 OID 18069)
-- Name: service service_pkey; Type: CONSTRAINT; Schema: public; Owner: mg4
--

ALTER TABLE ONLY public.service
    ADD CONSTRAINT service_pkey PRIMARY KEY (id);


--
-- TOC entry 4701 (class 2606 OID 18152)
-- Name: servicetranslation servicetranslation_pkey; Type: CONSTRAINT; Schema: public; Owner: mg4
--

ALTER TABLE ONLY public.servicetranslation
    ADD CONSTRAINT servicetranslation_pkey PRIMARY KEY (service_id, lang_code);


--
-- TOC entry 4717 (class 1259 OID 20957)
-- Name: auth_group_name_a6ea08ec_like; Type: INDEX; Schema: public; Owner: mg4
--

CREATE INDEX auth_group_name_a6ea08ec_like ON public.auth_group USING btree (name varchar_pattern_ops);


--
-- TOC entry 4722 (class 1259 OID 20888)
-- Name: auth_group_permissions_group_id_b120cbf9; Type: INDEX; Schema: public; Owner: mg4
--

CREATE INDEX auth_group_permissions_group_id_b120cbf9 ON public.auth_group_permissions USING btree (group_id);


--
-- TOC entry 4725 (class 1259 OID 20889)
-- Name: auth_group_permissions_permission_id_84c5c92e; Type: INDEX; Schema: public; Owner: mg4
--

CREATE INDEX auth_group_permissions_permission_id_84c5c92e ON public.auth_group_permissions USING btree (permission_id);


--
-- TOC entry 4712 (class 1259 OID 20874)
-- Name: auth_permission_content_type_id_2f476e4b; Type: INDEX; Schema: public; Owner: mg4
--

CREATE INDEX auth_permission_content_type_id_2f476e4b ON public.auth_permission USING btree (content_type_id);


--
-- TOC entry 4733 (class 1259 OID 20904)
-- Name: auth_user_groups_group_id_97559544; Type: INDEX; Schema: public; Owner: mg4
--

CREATE INDEX auth_user_groups_group_id_97559544 ON public.auth_user_groups USING btree (group_id);


--
-- TOC entry 4736 (class 1259 OID 20903)
-- Name: auth_user_groups_user_id_6a12ed8b; Type: INDEX; Schema: public; Owner: mg4
--

CREATE INDEX auth_user_groups_user_id_6a12ed8b ON public.auth_user_groups USING btree (user_id);


--
-- TOC entry 4739 (class 1259 OID 20918)
-- Name: auth_user_user_permissions_permission_id_1fbb5f2c; Type: INDEX; Schema: public; Owner: mg4
--

CREATE INDEX auth_user_user_permissions_permission_id_1fbb5f2c ON public.auth_user_user_permissions USING btree (permission_id);


--
-- TOC entry 4742 (class 1259 OID 20917)
-- Name: auth_user_user_permissions_user_id_a95ead1b; Type: INDEX; Schema: public; Owner: mg4
--

CREATE INDEX auth_user_user_permissions_user_id_a95ead1b ON public.auth_user_user_permissions USING btree (user_id);


--
-- TOC entry 4730 (class 1259 OID 20950)
-- Name: auth_user_username_6821ab7c_like; Type: INDEX; Schema: public; Owner: mg4
--

CREATE INDEX auth_user_username_6821ab7c_like ON public.auth_user USING btree (username varchar_pattern_ops);


--
-- TOC entry 4745 (class 1259 OID 20944)
-- Name: django_admin_log_content_type_id_c4bce8eb; Type: INDEX; Schema: public; Owner: mg4
--

CREATE INDEX django_admin_log_content_type_id_c4bce8eb ON public.django_admin_log USING btree (content_type_id);


--
-- TOC entry 4748 (class 1259 OID 20945)
-- Name: django_admin_log_user_id_c564eba6; Type: INDEX; Schema: public; Owner: mg4
--

CREATE INDEX django_admin_log_user_id_c564eba6 ON public.django_admin_log USING btree (user_id);


--
-- TOC entry 4749 (class 1259 OID 20971)
-- Name: django_session_expire_date_a5c62663; Type: INDEX; Schema: public; Owner: mg4
--

CREATE INDEX django_session_expire_date_a5c62663 ON public.django_session USING btree (expire_date);


--
-- TOC entry 4752 (class 1259 OID 20970)
-- Name: django_session_session_key_c0390e0f_like; Type: INDEX; Schema: public; Owner: mg4
--

CREATE INDEX django_session_session_key_c0390e0f_like ON public.django_session USING btree (session_key varchar_pattern_ops);


--
-- TOC entry 4771 (class 2606 OID 20883)
-- Name: auth_group_permissions auth_group_permissio_permission_id_84c5c92e_fk_auth_perm; Type: FK CONSTRAINT; Schema: public; Owner: mg4
--

ALTER TABLE ONLY public.auth_group_permissions
    ADD CONSTRAINT auth_group_permissio_permission_id_84c5c92e_fk_auth_perm FOREIGN KEY (permission_id) REFERENCES public.auth_permission(id) DEFERRABLE INITIALLY DEFERRED;


--
-- TOC entry 4772 (class 2606 OID 20878)
-- Name: auth_group_permissions auth_group_permissions_group_id_b120cbf9_fk_auth_group_id; Type: FK CONSTRAINT; Schema: public; Owner: mg4
--

ALTER TABLE ONLY public.auth_group_permissions
    ADD CONSTRAINT auth_group_permissions_group_id_b120cbf9_fk_auth_group_id FOREIGN KEY (group_id) REFERENCES public.auth_group(id) DEFERRABLE INITIALLY DEFERRED;


--
-- TOC entry 4770 (class 2606 OID 20869)
-- Name: auth_permission auth_permission_content_type_id_2f476e4b_fk_django_co; Type: FK CONSTRAINT; Schema: public; Owner: mg4
--

ALTER TABLE ONLY public.auth_permission
    ADD CONSTRAINT auth_permission_content_type_id_2f476e4b_fk_django_co FOREIGN KEY (content_type_id) REFERENCES public.django_content_type(id) DEFERRABLE INITIALLY DEFERRED;


--
-- TOC entry 4773 (class 2606 OID 20898)
-- Name: auth_user_groups auth_user_groups_group_id_97559544_fk_auth_group_id; Type: FK CONSTRAINT; Schema: public; Owner: mg4
--

ALTER TABLE ONLY public.auth_user_groups
    ADD CONSTRAINT auth_user_groups_group_id_97559544_fk_auth_group_id FOREIGN KEY (group_id) REFERENCES public.auth_group(id) DEFERRABLE INITIALLY DEFERRED;


--
-- TOC entry 4774 (class 2606 OID 20893)
-- Name: auth_user_groups auth_user_groups_user_id_6a12ed8b_fk_auth_user_id; Type: FK CONSTRAINT; Schema: public; Owner: mg4
--

ALTER TABLE ONLY public.auth_user_groups
    ADD CONSTRAINT auth_user_groups_user_id_6a12ed8b_fk_auth_user_id FOREIGN KEY (user_id) REFERENCES public.auth_user(id) DEFERRABLE INITIALLY DEFERRED;


--
-- TOC entry 4775 (class 2606 OID 20912)
-- Name: auth_user_user_permissions auth_user_user_permi_permission_id_1fbb5f2c_fk_auth_perm; Type: FK CONSTRAINT; Schema: public; Owner: mg4
--

ALTER TABLE ONLY public.auth_user_user_permissions
    ADD CONSTRAINT auth_user_user_permi_permission_id_1fbb5f2c_fk_auth_perm FOREIGN KEY (permission_id) REFERENCES public.auth_permission(id) DEFERRABLE INITIALLY DEFERRED;


--
-- TOC entry 4776 (class 2606 OID 20907)
-- Name: auth_user_user_permissions auth_user_user_permissions_user_id_a95ead1b_fk_auth_user_id; Type: FK CONSTRAINT; Schema: public; Owner: mg4
--

ALTER TABLE ONLY public.auth_user_user_permissions
    ADD CONSTRAINT auth_user_user_permissions_user_id_a95ead1b_fk_auth_user_id FOREIGN KEY (user_id) REFERENCES public.auth_user(id) DEFERRABLE INITIALLY DEFERRED;


--
-- TOC entry 4777 (class 2606 OID 20934)
-- Name: django_admin_log django_admin_log_content_type_id_c4bce8eb_fk_django_co; Type: FK CONSTRAINT; Schema: public; Owner: mg4
--

ALTER TABLE ONLY public.django_admin_log
    ADD CONSTRAINT django_admin_log_content_type_id_c4bce8eb_fk_django_co FOREIGN KEY (content_type_id) REFERENCES public.django_content_type(id) DEFERRABLE INITIALLY DEFERRED;


--
-- TOC entry 4778 (class 2606 OID 20939)
-- Name: django_admin_log django_admin_log_user_id_c564eba6_fk_auth_user_id; Type: FK CONSTRAINT; Schema: public; Owner: mg4
--

ALTER TABLE ONLY public.django_admin_log
    ADD CONSTRAINT django_admin_log_user_id_c564eba6_fk_auth_user_id FOREIGN KEY (user_id) REFERENCES public.auth_user(id) DEFERRABLE INITIALLY DEFERRED;


--
-- TOC entry 4753 (class 2606 OID 18015)
-- Name: building fk_building_hospital; Type: FK CONSTRAINT; Schema: public; Owner: mg4
--

ALTER TABLE ONLY public.building
    ADD CONSTRAINT fk_building_hospital FOREIGN KEY (hospital_id) REFERENCES public.hospital(id) ON DELETE CASCADE;


--
-- TOC entry 4754 (class 2606 OID 18032)
-- Name: floor fk_floor_building; Type: FK CONSTRAINT; Schema: public; Owner: mg4
--

ALTER TABLE ONLY public.floor
    ADD CONSTRAINT fk_floor_building FOREIGN KEY (building_id) REFERENCES public.building(id) ON DELETE CASCADE;


--
-- TOC entry 4755 (class 2606 OID 18049)
-- Name: model3d fk_model3d_building; Type: FK CONSTRAINT; Schema: public; Owner: mg4
--

ALTER TABLE ONLY public.model3d
    ADD CONSTRAINT fk_model3d_building FOREIGN KEY (building_id) REFERENCES public.building(id) ON DELETE CASCADE;


--
-- TOC entry 4756 (class 2606 OID 18054)
-- Name: model3d fk_model3d_floor; Type: FK CONSTRAINT; Schema: public; Owner: mg4
--

ALTER TABLE ONLY public.model3d
    ADD CONSTRAINT fk_model3d_floor FOREIGN KEY (floor_id) REFERENCES public.floor(id) ON DELETE SET NULL;


--
-- TOC entry 4760 (class 2606 OID 18124)
-- Name: navedge fk_navedge_from; Type: FK CONSTRAINT; Schema: public; Owner: mg4
--

ALTER TABLE ONLY public.navedge
    ADD CONSTRAINT fk_navedge_from FOREIGN KEY (node_from_id) REFERENCES public.navnode(id) ON DELETE CASCADE;


--
-- TOC entry 4761 (class 2606 OID 18129)
-- Name: navedge fk_navedge_to; Type: FK CONSTRAINT; Schema: public; Owner: mg4
--

ALTER TABLE ONLY public.navedge
    ADD CONSTRAINT fk_navedge_to FOREIGN KEY (node_to_id) REFERENCES public.navnode(id) ON DELETE CASCADE;


--
-- TOC entry 4766 (class 2606 OID 18209)
-- Name: navigationsession fk_navigationsession_from; Type: FK CONSTRAINT; Schema: public; Owner: mg4
--

ALTER TABLE ONLY public.navigationsession
    ADD CONSTRAINT fk_navigationsession_from FOREIGN KEY (poi_from_id) REFERENCES public.poi(id) ON DELETE RESTRICT;


--
-- TOC entry 4767 (class 2606 OID 18199)
-- Name: navigationsession fk_navigationsession_hospital; Type: FK CONSTRAINT; Schema: public; Owner: mg4
--

ALTER TABLE ONLY public.navigationsession
    ADD CONSTRAINT fk_navigationsession_hospital FOREIGN KEY (hospital_id) REFERENCES public.hospital(id) ON DELETE CASCADE;


--
-- TOC entry 4768 (class 2606 OID 18204)
-- Name: navigationsession fk_navigationsession_language; Type: FK CONSTRAINT; Schema: public; Owner: mg4
--

ALTER TABLE ONLY public.navigationsession
    ADD CONSTRAINT fk_navigationsession_language FOREIGN KEY (language_code) REFERENCES public.language(code) ON DELETE RESTRICT;


--
-- TOC entry 4769 (class 2606 OID 18214)
-- Name: navigationsession fk_navigationsession_to; Type: FK CONSTRAINT; Schema: public; Owner: mg4
--

ALTER TABLE ONLY public.navigationsession
    ADD CONSTRAINT fk_navigationsession_to FOREIGN KEY (poi_to_id) REFERENCES public.poi(id) ON DELETE RESTRICT;


--
-- TOC entry 4759 (class 2606 OID 18106)
-- Name: navnode fk_navnode_floor; Type: FK CONSTRAINT; Schema: public; Owner: mg4
--

ALTER TABLE ONLY public.navnode
    ADD CONSTRAINT fk_navnode_floor FOREIGN KEY (floor_id) REFERENCES public.floor(id) ON DELETE CASCADE;


--
-- TOC entry 4757 (class 2606 OID 18084)
-- Name: poi fk_poi_floor; Type: FK CONSTRAINT; Schema: public; Owner: mg4
--

ALTER TABLE ONLY public.poi
    ADD CONSTRAINT fk_poi_floor FOREIGN KEY (floor_id) REFERENCES public.floor(id) ON DELETE CASCADE;


--
-- TOC entry 4758 (class 2606 OID 18089)
-- Name: poi fk_poi_service; Type: FK CONSTRAINT; Schema: public; Owner: mg4
--

ALTER TABLE ONLY public.poi
    ADD CONSTRAINT fk_poi_service FOREIGN KEY (service_id) REFERENCES public.service(id) ON DELETE SET NULL;


--
-- TOC entry 4764 (class 2606 OID 18178)
-- Name: poitranslation fk_poitranslation_language; Type: FK CONSTRAINT; Schema: public; Owner: mg4
--

ALTER TABLE ONLY public.poitranslation
    ADD CONSTRAINT fk_poitranslation_language FOREIGN KEY (lang_code) REFERENCES public.language(code) ON DELETE CASCADE;


--
-- TOC entry 4765 (class 2606 OID 18173)
-- Name: poitranslation fk_poitranslation_poi; Type: FK CONSTRAINT; Schema: public; Owner: mg4
--

ALTER TABLE ONLY public.poitranslation
    ADD CONSTRAINT fk_poitranslation_poi FOREIGN KEY (poi_id) REFERENCES public.poi(id) ON DELETE CASCADE;


--
-- TOC entry 4762 (class 2606 OID 18158)
-- Name: servicetranslation fk_servicetranslation_language; Type: FK CONSTRAINT; Schema: public; Owner: mg4
--

ALTER TABLE ONLY public.servicetranslation
    ADD CONSTRAINT fk_servicetranslation_language FOREIGN KEY (lang_code) REFERENCES public.language(code) ON DELETE CASCADE;


--
-- TOC entry 4763 (class 2606 OID 18153)
-- Name: servicetranslation fk_servicetranslation_service; Type: FK CONSTRAINT; Schema: public; Owner: mg4
--

ALTER TABLE ONLY public.servicetranslation
    ADD CONSTRAINT fk_servicetranslation_service FOREIGN KEY (service_id) REFERENCES public.service(id) ON DELETE CASCADE;


-- Completed on 2025-12-06 18:38:56 GMT

--
-- PostgreSQL database dump complete
--

\unrestrict bQ17cIjClIEomakSMjM5p8agWePyspbnYWuq1uJC2KFotpH7ID9wtMLb5ll5pA1

